Date,Open,High,Low,Close,Volume,Index,Avg
2019-09-03 00:00:00,2909.010009765625,2914.389892578125,2891.85009765625,2906.27001953125,3426790000,S&P 500,2903.1199951171875
2019-09-04 00:00:00,2924.669921875,2938.840087890625,2921.860107421875,2937.780029296875,3163260000,S&P 500,2930.35009765625
2019-09-05 00:00:00,2960.60009765625,2985.860107421875,2960.60009765625,2976.0,3890700000,S&P 500,2973.2301025390625
2019-09-06 00:00:00,2980.330078125,2985.030029296875,2972.510009765625,2978.7099609375,3208280000,S&P 500,2978.77001953125
2019-09-09 00:00:00,2988.429931640625,2989.429931640625,2969.389892578125,2978.429931640625,4002890000,S&P 500,2979.409912109375
2019-09-10 00:00:00,2971.010009765625,2979.389892578125,2957.010009765625,2979.389892578125,4390770000,S&P 500,2968.199951171875
2019-09-11 00:00:00,2981.409912109375,3000.929931640625,2975.31005859375,3000.929931640625,3927550000,S&P 500,2988.1199951171875
2019-09-12 00:00:00,3009.080078125,3020.739990234375,3000.919921875,3009.570068359375,3791860000,S&P 500,3010.8299560546875
2019-09-13 00:00:00,3012.2099609375,3017.330078125,3002.89990234375,3007.389892578125,3520060000,S&P 500,3010.114990234375
2019-09-16 00:00:00,2996.409912109375,3002.18994140625,2990.669921875,2997.9599609375,4274640000,S&P 500,2996.429931640625
2019-09-17 00:00:00,2995.669921875,3006.2099609375,2993.72998046875,3005.699951171875,3671840000,S&P 500,2999.969970703125
2019-09-18 00:00:00,3001.5,3007.830078125,2978.570068359375,3006.72998046875,3435540000,S&P 500,2993.2000732421875
2019-09-19 00:00:00,3010.360107421875,3021.989990234375,3003.159912109375,3006.7900390625,3251290000,S&P 500,3012.574951171875
2019-09-20 00:00:00,3008.419921875,3016.3701171875,2984.679931640625,2992.070068359375,6094740000,S&P 500,3000.5250244140625
2019-09-23 00:00:00,2983.5,2999.14990234375,2982.22998046875,2991.780029296875,3186590000,S&P 500,2990.68994140625
2019-09-24 00:00:00,3002.429931640625,3007.97998046875,2957.72998046875,2966.60009765625,3868160000,S&P 500,2982.85498046875
2019-09-25 00:00:00,2968.35009765625,2989.820068359375,2952.860107421875,2984.8701171875,3318870000,S&P 500,2971.340087890625
2019-09-26 00:00:00,2985.72998046875,2987.280029296875,2963.7099609375,2977.6201171875,3077240000,S&P 500,2975.4949951171875
2019-09-27 00:00:00,2985.469970703125,2987.31005859375,2945.530029296875,2961.7900390625,3243650000,S&P 500,2966.4200439453125
2019-09-30 00:00:00,2967.070068359375,2983.85009765625,2967.070068359375,2976.739990234375,3247610000,S&P 500,2975.4600830078125
2019-10-01 00:00:00,2983.68994140625,2992.530029296875,2938.699951171875,2940.25,3558040000,S&P 500,2965.614990234375
2019-10-02 00:00:00,2924.780029296875,2924.780029296875,2874.929931640625,2887.610107421875,3912520000,S&P 500,2899.85498046875
2019-10-03 00:00:00,2885.3798828125,2911.1298828125,2855.93994140625,2910.6298828125,3503640000,S&P 500,2883.534912109375
2019-10-04 00:00:00,2918.56005859375,2953.739990234375,2918.56005859375,2952.010009765625,2990830000,S&P 500,2936.1500244140625
2019-10-07 00:00:00,2944.22998046875,2959.75,2935.679931640625,2938.7900390625,2940140000,S&P 500,2947.7149658203125
2019-10-08 00:00:00,2920.39990234375,2925.469970703125,2892.659912109375,2893.06005859375,3356450000,S&P 500,2909.06494140625
2019-10-09 00:00:00,2911.10009765625,2929.320068359375,2907.409912109375,2919.39990234375,2726820000,S&P 500,2918.364990234375
2019-10-10 00:00:00,2918.550048828125,2948.4599609375,2917.1201171875,2938.1298828125,3217250000,S&P 500,2932.7900390625
2019-10-11 00:00:00,2963.070068359375,2993.280029296875,2963.070068359375,2970.27001953125,3580460000,S&P 500,2978.175048828125
2019-10-14 00:00:00,2965.81005859375,2972.840087890625,2962.93994140625,2966.14990234375,2557020000,S&P 500,2967.8900146484375
2019-10-15 00:00:00,2973.610107421875,3003.280029296875,2973.610107421875,2995.679931640625,3340740000,S&P 500,2988.445068359375
2019-10-16 00:00:00,2989.679931640625,2997.5400390625,2985.199951171875,2989.68994140625,3222570000,S&P 500,2991.3699951171875
2019-10-17 00:00:00,3000.77001953125,3008.2900390625,2991.7900390625,2997.949951171875,3115960000,S&P 500,3000.0400390625
2019-10-18 00:00:00,2996.840087890625,3000.0,2976.31005859375,2986.199951171875,3264290000,S&P 500,2988.155029296875
2019-10-21 00:00:00,2996.47998046875,3007.330078125,2995.35009765625,3006.719970703125,3271620000,S&P 500,3001.340087890625
2019-10-22 00:00:00,3010.72998046875,3014.570068359375,2995.0400390625,2995.989990234375,3523890000,S&P 500,3004.8050537109375
2019-10-23 00:00:00,2994.010009765625,3004.780029296875,2991.2099609375,3004.52001953125,3392870000,S&P 500,2997.9949951171875
2019-10-24 00:00:00,3014.780029296875,3016.070068359375,3000.419921875,3010.2900390625,3692600000,S&P 500,3008.2449951171875
2019-10-25 00:00:00,3003.320068359375,3027.389892578125,3001.93994140625,3022.550048828125,3370370000,S&P 500,3014.6649169921875
2019-10-28 00:00:00,3032.1201171875,3044.080078125,3032.1201171875,3039.419921875,3521230000,S&P 500,3038.10009765625
2019-10-29 00:00:00,3035.389892578125,3047.8701171875,3034.81005859375,3036.889892578125,3589930000,S&P 500,3041.340087890625
2019-10-30 00:00:00,3039.739990234375,3050.10009765625,3025.9599609375,3046.77001953125,3776030000,S&P 500,3038.030029296875
2019-10-31 00:00:00,3046.89990234375,3046.89990234375,3023.18994140625,3037.56005859375,4139280000,S&P 500,3035.044921875
2019-11-01 00:00:00,3050.719970703125,3066.949951171875,3050.719970703125,3066.909912109375,3930200000,S&P 500,3058.8349609375
2019-11-04 00:00:00,3078.9599609375,3085.199951171875,3074.8701171875,3078.27001953125,4146850000,S&P 500,3080.0350341796875
2019-11-05 00:00:00,3080.800048828125,3083.949951171875,3072.14990234375,3074.6201171875,4486130000,S&P 500,3078.0499267578125
2019-11-06 00:00:00,3075.10009765625,3078.340087890625,3065.889892578125,3076.780029296875,4458190000,S&P 500,3072.114990234375
2019-11-07 00:00:00,3087.02001953125,3097.77001953125,3080.22998046875,3085.179931640625,4144640000,S&P 500,3089.0
2019-11-08 00:00:00,3081.25,3093.090087890625,3073.580078125,3093.080078125,3499150000,S&P 500,3083.3350830078125
2019-11-11 00:00:00,3080.330078125,3088.330078125,3075.820068359375,3087.010009765625,3035530000,S&P 500,3082.0750732421875
2019-11-12 00:00:00,3089.280029296875,3102.610107421875,3084.72998046875,3091.840087890625,3466010000,S&P 500,3093.6700439453125
2019-11-13 00:00:00,3084.179931640625,3098.06005859375,3078.800048828125,3094.0400390625,3509280000,S&P 500,3088.4300537109375
2019-11-14 00:00:00,3090.75,3098.199951171875,3083.260009765625,3096.6298828125,3276070000,S&P 500,3090.72998046875
2019-11-15 00:00:00,3107.919921875,3120.4599609375,3104.60009765625,3120.4599609375,3335650000,S&P 500,3112.530029296875
2019-11-18 00:00:00,3117.909912109375,3124.169921875,3112.06005859375,3122.030029296875,3436690000,S&P 500,3118.114990234375
2019-11-19 00:00:00,3127.449951171875,3127.639892578125,3113.469970703125,3120.179931640625,3590070000,S&P 500,3120.554931640625
2019-11-20 00:00:00,3114.659912109375,3118.969970703125,3091.409912109375,3108.4599609375,4034890000,S&P 500,3105.18994140625
2019-11-21 00:00:00,3108.489990234375,3110.110107421875,3094.550048828125,3103.5400390625,3720560000,S&P 500,3102.330078125
2019-11-22 00:00:00,3111.409912109375,3112.8701171875,3099.260009765625,3110.2900390625,3226780000,S&P 500,3106.0650634765625
2019-11-25 00:00:00,3117.43994140625,3133.830078125,3117.43994140625,3133.639892578125,3511530000,S&P 500,3125.635009765625
2019-11-26 00:00:00,3134.85009765625,3142.68994140625,3131.0,3140.52001953125,4595590000,S&P 500,3136.844970703125
2019-11-27 00:00:00,3145.489990234375,3154.260009765625,3143.409912109375,3153.6298828125,3033090000,S&P 500,3148.8349609375
2019-11-29 00:00:00,3147.179931640625,3150.300048828125,3139.340087890625,3140.97998046875,1743020000,S&P 500,3144.820068359375
2019-12-02 00:00:00,3143.85009765625,3144.31005859375,3110.780029296875,3113.8701171875,3268740000,S&P 500,3127.5450439453125
2019-12-03 00:00:00,3087.409912109375,3094.969970703125,3070.330078125,3093.199951171875,3653390000,S&P 500,3082.6500244140625
2019-12-04 00:00:00,3103.5,3119.3798828125,3102.530029296875,3112.760009765625,3695030000,S&P 500,3110.9549560546875
2019-12-05 00:00:00,3119.2099609375,3119.449951171875,3103.760009765625,3117.429931640625,3355750000,S&P 500,3111.60498046875
2019-12-06 00:00:00,3134.6201171875,3150.60009765625,3134.6201171875,3145.909912109375,3479480000,S&P 500,3142.610107421875
2019-12-09 00:00:00,3141.860107421875,3148.8701171875,3135.4599609375,3135.9599609375,3345990000,S&P 500,3142.1650390625
2019-12-10 00:00:00,3135.360107421875,3142.1201171875,3126.090087890625,3132.52001953125,3343790000,S&P 500,3134.1051025390625
2019-12-11 00:00:00,3135.75,3143.97998046875,3133.2099609375,3141.6298828125,3252540000,S&P 500,3138.594970703125
2019-12-12 00:00:00,3141.22998046875,3176.280029296875,3138.469970703125,3168.570068359375,3990690000,S&P 500,3157.375
2019-12-13 00:00:00,3166.64990234375,3182.679931640625,3156.510009765625,3168.800048828125,3736870000,S&P 500,3169.594970703125
2019-12-16 00:00:00,3183.6298828125,3197.7099609375,3183.6298828125,3191.449951171875,4051790000,S&P 500,3190.669921875
2019-12-17 00:00:00,3195.39990234375,3198.219970703125,3191.030029296875,3192.52001953125,3837540000,S&P 500,3194.625
2019-12-18 00:00:00,3195.2099609375,3198.47998046875,3191.139892578125,3191.139892578125,4014080000,S&P 500,3194.8099365234375
2019-12-19 00:00:00,3192.320068359375,3205.47998046875,3192.320068359375,3205.3701171875,3720450000,S&P 500,3198.9000244140625
2019-12-20 00:00:00,3223.330078125,3225.64990234375,3216.030029296875,3221.219970703125,6454270000,S&P 500,3220.8399658203125
2019-12-23 00:00:00,3226.050048828125,3227.780029296875,3222.300048828125,3224.010009765625,3060610000,S&P 500,3225.0400390625
2019-12-24 00:00:00,3225.449951171875,3226.429931640625,3220.510009765625,3223.3798828125,1296540000,S&P 500,3223.469970703125
2019-12-26 00:00:00,3227.199951171875,3240.080078125,3227.199951171875,3239.909912109375,2160680000,S&P 500,3233.6400146484375
2019-12-27 00:00:00,3247.22998046875,3247.929931640625,3234.3701171875,3240.02001953125,2428670000,S&P 500,3241.1500244140625
2019-12-30 00:00:00,3240.090087890625,3240.919921875,3216.570068359375,3221.2900390625,3013290000,S&P 500,3228.7449951171875
2019-12-31 00:00:00,3215.179931640625,3231.719970703125,3212.030029296875,3230.780029296875,2893810000,S&P 500,3221.875
2020-01-02 00:00:00,3244.669921875,3258.139892578125,3235.530029296875,3257.85009765625,3458250000,S&P 500,3246.8349609375
2020-01-03 00:00:00,3226.360107421875,3246.14990234375,3222.340087890625,3234.85009765625,3461290000,S&P 500,3234.2449951171875
2020-01-06 00:00:00,3217.550048828125,3246.840087890625,3214.639892578125,3246.280029296875,3674070000,S&P 500,3230.739990234375
2020-01-07 00:00:00,3241.860107421875,3244.909912109375,3232.429931640625,3237.179931640625,3420380000,S&P 500,3238.669921875
2020-01-08 00:00:00,3238.590087890625,3267.070068359375,3236.669921875,3253.050048828125,3720890000,S&P 500,3251.8699951171875
2020-01-09 00:00:00,3266.030029296875,3275.580078125,3263.669921875,3274.699951171875,3638390000,S&P 500,3269.625
2020-01-10 00:00:00,3281.81005859375,3282.989990234375,3260.860107421875,3265.35009765625,3212970000,S&P 500,3271.925048828125
2020-01-13 00:00:00,3271.1298828125,3288.1298828125,3268.429931640625,3288.1298828125,3456380000,S&P 500,3278.2799072265625
2020-01-14 00:00:00,3285.35009765625,3294.25,3277.18994140625,3283.14990234375,3665130000,S&P 500,3285.719970703125
2020-01-15 00:00:00,3282.27001953125,3298.659912109375,3280.68994140625,3289.2900390625,3716840000,S&P 500,3289.6749267578125
2020-01-16 00:00:00,3302.969970703125,3317.110107421875,3302.820068359375,3316.81005859375,3535080000,S&P 500,3309.965087890625
2020-01-17 00:00:00,3323.659912109375,3329.8798828125,3318.860107421875,3329.6201171875,3698170000,S&P 500,3324.3699951171875
2020-01-21 00:00:00,3321.030029296875,3329.7900390625,3316.610107421875,3320.7900390625,4105340000,S&P 500,3323.2000732421875
2020-01-22 00:00:00,3330.02001953125,3337.77001953125,3320.0400390625,3321.75,3619850000,S&P 500,3328.905029296875
2020-01-23 00:00:00,3315.77001953125,3326.8798828125,3301.8701171875,3325.5400390625,3764860000,S&P 500,3314.375
2020-01-24 00:00:00,3333.10009765625,3333.179931640625,3281.530029296875,3295.469970703125,3707130000,S&P 500,3307.35498046875
2020-01-27 00:00:00,3247.159912109375,3258.85009765625,3234.5,3243.6298828125,3823100000,S&P 500,3246.675048828125
2020-01-28 00:00:00,3255.35009765625,3285.780029296875,3253.219970703125,3276.239990234375,3526720000,S&P 500,3269.5
2020-01-29 00:00:00,3289.4599609375,3293.469970703125,3271.889892578125,3273.39990234375,3584500000,S&P 500,3282.679931640625
2020-01-30 00:00:00,3256.449951171875,3285.909912109375,3242.800048828125,3283.659912109375,3787250000,S&P 500,3264.35498046875
2020-01-31 00:00:00,3282.330078125,3282.330078125,3214.679931640625,3225.52001953125,4527830000,S&P 500,3248.5050048828125
2020-02-03 00:00:00,3235.659912109375,3268.43994140625,3235.659912109375,3248.919921875,3757910000,S&P 500,3252.0499267578125
2020-02-04 00:00:00,3280.610107421875,3306.919921875,3280.610107421875,3297.590087890625,3995320000,S&P 500,3293.7650146484375
2020-02-05 00:00:00,3324.909912109375,3337.580078125,3313.75,3334.68994140625,4117730000,S&P 500,3325.6650390625
2020-02-06 00:00:00,3344.919921875,3347.9599609375,3334.389892578125,3345.780029296875,3868370000,S&P 500,3341.1749267578125
2020-02-07 00:00:00,3335.5400390625,3341.419921875,3322.1201171875,3327.7099609375,3730650000,S&P 500,3331.77001953125
2020-02-10 00:00:00,3318.280029296875,3352.260009765625,3317.77001953125,3352.090087890625,3450350000,S&P 500,3335.0150146484375
2020-02-11 00:00:00,3365.8701171875,3375.6298828125,3352.719970703125,3357.75,3760550000,S&P 500,3364.1749267578125
2020-02-12 00:00:00,3370.5,3381.469970703125,3369.719970703125,3379.449951171875,3926380000,S&P 500,3375.594970703125
2020-02-13 00:00:00,3365.89990234375,3385.090087890625,3360.52001953125,3373.93994140625,3498240000,S&P 500,3372.8050537109375
2020-02-14 00:00:00,3378.080078125,3380.68994140625,3366.14990234375,3380.159912109375,3398040000,S&P 500,3373.419921875
2020-02-18 00:00:00,3369.0400390625,3375.010009765625,3355.610107421875,3370.2900390625,3746720000,S&P 500,3365.31005859375
2020-02-19 00:00:00,3380.389892578125,3393.52001953125,3378.830078125,3386.14990234375,3600150000,S&P 500,3386.175048828125
2020-02-20 00:00:00,3380.449951171875,3389.14990234375,3341.02001953125,3373.22998046875,4007320000,S&P 500,3365.0849609375
2020-02-21 00:00:00,3360.5,3360.760009765625,3328.449951171875,3337.75,3899270000,S&P 500,3344.60498046875
2020-02-24 00:00:00,3257.610107421875,3259.81005859375,3214.64990234375,3225.889892578125,4842960000,S&P 500,3237.22998046875
2020-02-25 00:00:00,3238.93994140625,3246.989990234375,3118.77001953125,3128.2099609375,5591510000,S&P 500,3182.8800048828125
2020-02-26 00:00:00,3139.89990234375,3182.510009765625,3108.989990234375,3116.389892578125,5478110000,S&P 500,3145.75
2020-02-27 00:00:00,3062.5400390625,3097.070068359375,2977.389892578125,2978.760009765625,7058840000,S&P 500,3037.22998046875
2020-02-28 00:00:00,2916.89990234375,2959.719970703125,2855.840087890625,2954.219970703125,8563850000,S&P 500,2907.780029296875
2020-03-02 00:00:00,2974.280029296875,3090.9599609375,2945.18994140625,3090.22998046875,6376400000,S&P 500,3018.074951171875
2020-03-03 00:00:00,3096.4599609375,3136.719970703125,2976.6298828125,3003.3701171875,6355940000,S&P 500,3056.6749267578125
2020-03-04 00:00:00,3045.75,3130.969970703125,3034.3798828125,3130.1201171875,5035480000,S&P 500,3082.6749267578125
2020-03-05 00:00:00,3075.699951171875,3083.0400390625,2999.830078125,3023.93994140625,5575550000,S&P 500,3041.43505859375
2020-03-06 00:00:00,2954.199951171875,2985.929931640625,2901.5400390625,2972.3701171875,6552140000,S&P 500,2943.7349853515625
2020-03-09 00:00:00,2863.889892578125,2863.889892578125,2734.429931640625,2746.56005859375,8423050000,S&P 500,2799.159912109375
2020-03-10 00:00:00,2813.47998046875,2882.590087890625,2734.0,2882.22998046875,7635960000,S&P 500,2808.2950439453125
2020-03-11 00:00:00,2825.60009765625,2825.60009765625,2707.219970703125,2741.3798828125,7374110000,S&P 500,2766.4100341796875
2020-03-12 00:00:00,2630.860107421875,2660.949951171875,2478.860107421875,2480.639892578125,8829380000,S&P 500,2569.905029296875
2020-03-13 00:00:00,2569.989990234375,2711.330078125,2492.3701171875,2711.02001953125,8258670000,S&P 500,2601.85009765625
2020-03-16 00:00:00,2508.590087890625,2562.97998046875,2380.93994140625,2386.1298828125,7781540000,S&P 500,2471.9599609375
2020-03-17 00:00:00,2425.659912109375,2553.929931640625,2367.0400390625,2529.18994140625,8358500000,S&P 500,2460.4849853515625
2020-03-18 00:00:00,2436.5,2453.570068359375,2280.52001953125,2398.10009765625,8755780000,S&P 500,2367.0450439453125
2020-03-19 00:00:00,2393.47998046875,2466.969970703125,2319.780029296875,2409.389892578125,7946710000,S&P 500,2393.375
2020-03-20 00:00:00,2431.93994140625,2453.010009765625,2295.56005859375,2304.919921875,9044690000,S&P 500,2374.2850341796875
2020-03-23 00:00:00,2290.7099609375,2300.72998046875,2191.860107421875,2237.39990234375,7402180000,S&P 500,2246.2950439453125
2020-03-24 00:00:00,2344.43994140625,2449.7099609375,2344.43994140625,2447.330078125,7547350000,S&P 500,2397.074951171875
2020-03-25 00:00:00,2457.77001953125,2571.419921875,2407.530029296875,2475.56005859375,8285670000,S&P 500,2489.4749755859375
2020-03-26 00:00:00,2501.2900390625,2637.010009765625,2500.719970703125,2630.070068359375,7753160000,S&P 500,2568.864990234375
2020-03-27 00:00:00,2555.8701171875,2615.909912109375,2520.02001953125,2541.469970703125,6194330000,S&P 500,2567.9649658203125
2020-03-30 00:00:00,2558.97998046875,2631.800048828125,2545.280029296875,2626.64990234375,5746220000,S&P 500,2588.5400390625
2020-03-31 00:00:00,2614.68994140625,2641.389892578125,2571.14990234375,2584.590087890625,6568290000,S&P 500,2606.2698974609375
2020-04-01 00:00:00,2498.080078125,2522.75,2447.489990234375,2470.5,5947900000,S&P 500,2485.1199951171875
2020-04-02 00:00:00,2458.5400390625,2533.219970703125,2455.7900390625,2526.89990234375,6454990000,S&P 500,2494.5050048828125
2020-04-03 00:00:00,2514.919921875,2538.179931640625,2459.9599609375,2488.64990234375,6087190000,S&P 500,2499.0699462890625
2020-04-06 00:00:00,2578.280029296875,2676.85009765625,2574.570068359375,2663.679931640625,6391860000,S&P 500,2625.7100830078125
2020-04-07 00:00:00,2738.64990234375,2756.889892578125,2657.669921875,2659.409912109375,7040720000,S&P 500,2707.2799072265625
2020-04-08 00:00:00,2685.0,2760.75,2663.300048828125,2749.97998046875,5856370000,S&P 500,2712.0250244140625
2020-04-09 00:00:00,2776.989990234375,2818.570068359375,2762.360107421875,2789.820068359375,7880140000,S&P 500,2790.465087890625
2020-04-13 00:00:00,2782.4599609375,2782.4599609375,2721.169921875,2761.6298828125,5274310000,S&P 500,2751.81494140625
2020-04-14 00:00:00,2805.10009765625,2851.85009765625,2805.10009765625,2846.06005859375,5567400000,S&P 500,2828.47509765625
2020-04-15 00:00:00,2795.639892578125,2801.8798828125,2761.5400390625,2783.360107421875,5203390000,S&P 500,2781.7099609375
2020-04-16 00:00:00,2799.340087890625,2806.510009765625,2764.320068359375,2799.550048828125,5179990000,S&P 500,2785.4150390625
2020-04-17 00:00:00,2842.429931640625,2879.219970703125,2830.8798828125,2874.56005859375,5792140000,S&P 500,2855.0499267578125
2020-04-20 00:00:00,2845.6201171875,2868.97998046875,2820.429931640625,2823.159912109375,5220160000,S&P 500,2844.7049560546875
2020-04-21 00:00:00,2784.81005859375,2785.5400390625,2727.10009765625,2736.56005859375,5075830000,S&P 500,2756.320068359375
2020-04-22 00:00:00,2787.889892578125,2815.10009765625,2775.949951171875,2799.31005859375,5049660000,S&P 500,2795.5250244140625
2020-04-23 00:00:00,2810.419921875,2844.89990234375,2794.260009765625,2797.800048828125,5756520000,S&P 500,2819.5799560546875
2020-04-24 00:00:00,2812.639892578125,2842.7099609375,2791.760009765625,2836.739990234375,5374480000,S&P 500,2817.2349853515625
2020-04-27 00:00:00,2854.64990234375,2887.719970703125,2852.889892578125,2878.47998046875,5194260000,S&P 500,2870.304931640625
2020-04-28 00:00:00,2909.9599609375,2921.14990234375,2860.7099609375,2863.389892578125,5672880000,S&P 500,2890.929931640625
2020-04-29 00:00:00,2918.4599609375,2954.860107421875,2912.159912109375,2939.510009765625,6620140000,S&P 500,2933.510009765625
2020-04-30 00:00:00,2930.909912109375,2930.909912109375,2892.469970703125,2912.429931640625,6523120000,S&P 500,2911.68994140625
2020-05-01 00:00:00,2869.090087890625,2869.090087890625,2821.610107421875,2830.7099609375,4753160000,S&P 500,2845.35009765625
2020-05-04 00:00:00,2815.010009765625,2844.239990234375,2797.85009765625,2842.739990234375,4723140000,S&P 500,2821.0450439453125
2020-05-05 00:00:00,2868.8798828125,2898.22998046875,2863.550048828125,2868.43994140625,5129590000,S&P 500,2880.8900146484375
2020-05-06 00:00:00,2883.139892578125,2891.110107421875,2847.64990234375,2848.419921875,4861920000,S&P 500,2869.3800048828125
2020-05-07 00:00:00,2878.260009765625,2901.919921875,2876.47998046875,2881.18994140625,5164640000,S&P 500,2889.199951171875
2020-05-08 00:00:00,2908.830078125,2932.159912109375,2902.8798828125,2929.800048828125,4857160000,S&P 500,2917.5198974609375
2020-05-11 00:00:00,2915.4599609375,2944.25,2903.43994140625,2930.18994140625,4807320000,S&P 500,2923.844970703125
2020-05-12 00:00:00,2939.5,2945.820068359375,2869.590087890625,2870.1201171875,5107710000,S&P 500,2907.705078125
2020-05-13 00:00:00,2865.860107421875,2874.139892578125,2793.14990234375,2820.0,6143130000,S&P 500,2833.6448974609375
2020-05-14 00:00:00,2794.5400390625,2852.800048828125,2766.639892578125,2852.5,5641920000,S&P 500,2809.719970703125
2020-05-15 00:00:00,2829.949951171875,2865.010009765625,2816.780029296875,2863.699951171875,5477040000,S&P 500,2840.89501953125
2020-05-18 00:00:00,2913.860107421875,2968.090087890625,2913.860107421875,2953.909912109375,6364290000,S&P 500,2940.97509765625
2020-05-19 00:00:00,2948.590087890625,2964.2099609375,2922.35009765625,2922.93994140625,4969330000,S&P 500,2943.280029296875
2020-05-20 00:00:00,2953.6298828125,2980.2900390625,2953.6298828125,2971.610107421875,4992970000,S&P 500,2966.9599609375
2020-05-21 00:00:00,2969.949951171875,2978.5,2938.570068359375,2948.510009765625,4966940000,S&P 500,2958.5350341796875
2020-05-22 00:00:00,2948.050048828125,2956.760009765625,2933.590087890625,2955.449951171875,3952800000,S&P 500,2945.175048828125
2020-05-26 00:00:00,3004.080078125,3021.719970703125,2988.169921875,2991.77001953125,5837060000,S&P 500,3004.9449462890625
2020-05-27 00:00:00,3015.64990234375,3036.25,2969.75,3036.1298828125,6371230000,S&P 500,3003.0
2020-05-28 00:00:00,3046.610107421875,3068.669921875,3023.39990234375,3029.72998046875,5402670000,S&P 500,3046.034912109375
2020-05-29 00:00:00,3025.169921875,3049.169921875,2998.610107421875,3044.31005859375,7275080000,S&P 500,3023.8900146484375
2020-06-01 00:00:00,3038.780029296875,3062.179931640625,3031.5400390625,3055.72998046875,4673410000,S&P 500,3046.8599853515625
2020-06-02 00:00:00,3064.780029296875,3081.070068359375,3051.639892578125,3080.820068359375,5187230000,S&P 500,3066.35498046875
2020-06-03 00:00:00,3098.89990234375,3130.93994140625,3098.89990234375,3122.8701171875,5989560000,S&P 500,3114.919921875
2020-06-04 00:00:00,3111.56005859375,3128.909912109375,3090.409912109375,3112.35009765625,6428130000,S&P 500,3109.659912109375
2020-06-05 00:00:00,3163.840087890625,3211.719970703125,3163.840087890625,3193.929931640625,8617590000,S&P 500,3187.780029296875
2020-06-08 00:00:00,3199.919921875,3233.1298828125,3196.0,3232.389892578125,8437380000,S&P 500,3214.56494140625
2020-06-09 00:00:00,3213.320068359375,3222.7099609375,3193.110107421875,3207.179931640625,6382620000,S&P 500,3207.9100341796875
2020-06-10 00:00:00,3213.419921875,3223.27001953125,3181.489990234375,3190.139892578125,6570840000,S&P 500,3202.3800048828125
2020-06-11 00:00:00,3123.530029296875,3123.530029296875,2999.489990234375,3002.10009765625,7018890000,S&P 500,3061.510009765625
2020-06-12 00:00:00,3071.0400390625,3088.419921875,2984.469970703125,3041.31005859375,5832250000,S&P 500,3036.4449462890625
2020-06-15 00:00:00,2993.760009765625,3079.760009765625,2965.659912109375,3066.590087890625,5740660000,S&P 500,3022.7099609375
2020-06-16 00:00:00,3131.0,3153.449951171875,3076.06005859375,3124.739990234375,5829240000,S&P 500,3114.7550048828125
2020-06-17 00:00:00,3136.1298828125,3141.159912109375,3108.030029296875,3113.489990234375,4549390000,S&P 500,3124.594970703125
2020-06-18 00:00:00,3101.639892578125,3120.0,3093.510009765625,3115.340087890625,4429030000,S&P 500,3106.7550048828125
2020-06-19 00:00:00,3140.2900390625,3155.530029296875,3083.110107421875,3097.739990234375,8327780000,S&P 500,3119.320068359375
2020-06-22 00:00:00,3094.419921875,3120.919921875,3079.389892578125,3117.860107421875,4665380000,S&P 500,3100.1549072265625
2020-06-23 00:00:00,3138.699951171875,3154.89990234375,3127.1201171875,3131.2900390625,4704830000,S&P 500,3141.010009765625
2020-06-24 00:00:00,3114.39990234375,3115.010009765625,3032.1298828125,3050.330078125,5587200000,S&P 500,3073.5699462890625
2020-06-25 00:00:00,3046.60009765625,3086.25,3024.010009765625,3083.760009765625,4815420000,S&P 500,3055.1300048828125
2020-06-26 00:00:00,3073.199951171875,3073.72998046875,3004.6298828125,3009.050048828125,8098120000,S&P 500,3039.179931640625
2020-06-29 00:00:00,3018.590087890625,3053.889892578125,2999.739990234375,3053.239990234375,4462770000,S&P 500,3026.81494140625
2020-06-30 00:00:00,3050.199951171875,3111.510009765625,3047.830078125,3100.2900390625,4696280000,S&P 500,3079.6700439453125
2020-07-01 00:00:00,3105.919921875,3128.43994140625,3101.169921875,3115.860107421875,4443130000,S&P 500,3114.804931640625
2020-07-02 00:00:00,3143.639892578125,3165.81005859375,3124.52001953125,3130.010009765625,4190830000,S&P 500,3145.1650390625
2020-07-06 00:00:00,3155.2900390625,3182.590087890625,3155.2900390625,3179.719970703125,4736450000,S&P 500,3168.9400634765625
2020-07-07 00:00:00,3166.43994140625,3184.14990234375,3142.929931640625,3145.320068359375,4563700000,S&P 500,3163.5399169921875
2020-07-08 00:00:00,3153.070068359375,3171.800048828125,3136.530029296875,3169.93994140625,4927700000,S&P 500,3154.1650390625
2020-07-09 00:00:00,3176.169921875,3179.780029296875,3115.699951171875,3152.050048828125,4829020000,S&P 500,3147.739990234375
2020-07-10 00:00:00,3152.469970703125,3186.820068359375,3136.219970703125,3185.0400390625,4515340000,S&P 500,3161.52001953125
2020-07-13 00:00:00,3205.080078125,3235.320068359375,3149.429931640625,3155.219970703125,4890780000,S&P 500,3192.375
2020-07-14 00:00:00,3141.110107421875,3200.949951171875,3127.659912109375,3197.52001953125,4476170000,S&P 500,3164.304931640625
2020-07-15 00:00:00,3225.97998046875,3238.280029296875,3200.760009765625,3226.56005859375,4669760000,S&P 500,3219.52001953125
2020-07-16 00:00:00,3208.360107421875,3220.389892578125,3198.590087890625,3215.570068359375,3961230000,S&P 500,3209.489990234375
2020-07-17 00:00:00,3224.2099609375,3233.52001953125,3205.64990234375,3224.72998046875,3993830000,S&P 500,3219.5849609375
2020-07-20 00:00:00,3224.2900390625,3258.610107421875,3215.159912109375,3251.840087890625,3971200000,S&P 500,3236.885009765625
2020-07-21 00:00:00,3268.52001953125,3277.2900390625,3247.77001953125,3257.300048828125,4547960000,S&P 500,3262.530029296875
2020-07-22 00:00:00,3254.860107421875,3279.320068359375,3253.10009765625,3276.02001953125,4255190000,S&P 500,3266.2100830078125
2020-07-23 00:00:00,3271.639892578125,3279.989990234375,3222.659912109375,3235.659912109375,4290460000,S&P 500,3251.324951171875
2020-07-24 00:00:00,3218.580078125,3227.260009765625,3200.050048828125,3215.6298828125,3894900000,S&P 500,3213.655029296875
2020-07-27 00:00:00,3219.840087890625,3241.429931640625,3214.25,3239.409912109375,3963910000,S&P 500,3227.8399658203125
2020-07-28 00:00:00,3234.27001953125,3243.719970703125,3216.169921875,3218.43994140625,4027890000,S&P 500,3229.9449462890625
2020-07-29 00:00:00,3227.219970703125,3264.739990234375,3227.219970703125,3258.43994140625,4676300000,S&P 500,3245.97998046875
2020-07-30 00:00:00,3231.760009765625,3250.919921875,3204.1298828125,3246.219970703125,4254010000,S&P 500,3227.52490234375
2020-07-31 00:00:00,3270.449951171875,3272.169921875,3220.260009765625,3271.1201171875,5117260000,S&P 500,3246.2149658203125
2020-08-03 00:00:00,3288.260009765625,3302.72998046875,3284.530029296875,3294.610107421875,4643640000,S&P 500,3293.6300048828125
2020-08-04 00:00:00,3289.919921875,3306.840087890625,3286.3701171875,3306.510009765625,4621670000,S&P 500,3296.6051025390625
2020-08-05 00:00:00,3317.3701171875,3330.77001953125,3317.3701171875,3327.77001953125,4732220000,S&P 500,3324.070068359375
2020-08-06 00:00:00,3323.169921875,3351.030029296875,3318.139892578125,3349.159912109375,4267490000,S&P 500,3334.5849609375
2020-08-07 00:00:00,3340.050048828125,3352.5400390625,3328.719970703125,3351.280029296875,4104860000,S&P 500,3340.6300048828125
2020-08-10 00:00:00,3356.0400390625,3363.2900390625,3335.43994140625,3360.469970703125,4318570000,S&P 500,3349.364990234375
2020-08-11 00:00:00,3370.340087890625,3381.010009765625,3326.43994140625,3333.68994140625,5087650000,S&P 500,3353.7249755859375
2020-08-12 00:00:00,3355.4599609375,3387.889892578125,3355.4599609375,3380.35009765625,3768560000,S&P 500,3371.6749267578125
2020-08-13 00:00:00,3372.949951171875,3387.239990234375,3363.35009765625,3373.429931640625,3648810000,S&P 500,3375.2950439453125
2020-08-14 00:00:00,3368.659912109375,3378.510009765625,3361.639892578125,3372.85009765625,3193400000,S&P 500,3370.074951171875
2020-08-17 00:00:00,3380.860107421875,3387.590087890625,3379.219970703125,3381.989990234375,3671290000,S&P 500,3383.405029296875
2020-08-18 00:00:00,3387.0400390625,3395.06005859375,3370.14990234375,3389.780029296875,3881310000,S&P 500,3382.60498046875
2020-08-19 00:00:00,3392.510009765625,3399.5400390625,3369.659912109375,3374.85009765625,3884480000,S&P 500,3384.5999755859375
2020-08-20 00:00:00,3360.47998046875,3390.800048828125,3354.68994140625,3385.510009765625,3642850000,S&P 500,3372.7449951171875
2020-08-21 00:00:00,3386.010009765625,3399.9599609375,3379.31005859375,3397.159912109375,3705420000,S&P 500,3389.635009765625
2020-08-24 00:00:00,3418.090087890625,3432.090087890625,3413.1298828125,3431.280029296875,3728690000,S&P 500,3422.6099853515625
2020-08-25 00:00:00,3435.949951171875,3444.2099609375,3425.840087890625,3443.6201171875,3619300000,S&P 500,3435.0250244140625
2020-08-26 00:00:00,3449.969970703125,3481.070068359375,3444.14990234375,3478.72998046875,3754360000,S&P 500,3462.6099853515625
2020-08-27 00:00:00,3485.139892578125,3501.3798828125,3468.35009765625,3484.550048828125,3929560000,S&P 500,3484.864990234375
2020-08-28 00:00:00,3494.68994140625,3509.22998046875,3484.320068359375,3508.010009765625,3855880000,S&P 500,3496.7750244140625
2020-08-31 00:00:00,3509.72998046875,3514.77001953125,3493.25,3500.31005859375,4342290000,S&P 500,3504.010009765625
2020-09-01 00:00:00,3507.43994140625,3528.030029296875,3494.60009765625,3526.64990234375,4083110000,S&P 500,3511.3150634765625
2020-09-02 00:00:00,3543.760009765625,3588.110107421875,3535.22998046875,3580.840087890625,4285190000,S&P 500,3561.6700439453125
2020-09-03 00:00:00,3564.739990234375,3564.85009765625,3427.409912109375,3455.06005859375,4898680000,S&P 500,3496.1300048828125
2020-09-04 00:00:00,3453.60009765625,3479.14990234375,3349.6298828125,3426.9599609375,4431440000,S&P 500,3414.389892578125
2020-09-04 00:00:00,3855.0680999999995,3894.6492,3784.7277,3260.59,60863400,STOXX 50 EU,3839.6884499999996
2020-09-03 00:00:00,3912.7257,3973.3433999999997,3844.0935,3304.22,48976200,STOXX 50 EU,3908.71845
2020-09-02 00:00:00,3842.631,3928.9887,3842.631,3337.77,45875699,STOXX 50 EU,3885.8098499999996
2020-09-01 00:00:00,3836.5587,3874.3379999999997,3796.6851,3277.58,46144800,STOXX 50 EU,3835.51155
2020-08-31 00:00:00,3885.1955999999996,3914.9487,3821.8635,3272.51,44553599,STOXX 50 EU,3868.4061
2020-08-28 00:00:00,3899.8323,3907.4957999999997,3856.6242,3315.54,40856400,STOXX 50 EU,3882.06
2020-08-27 00:00:00,3927.7133999999996,3930.1937999999996,3892.1805,3331.04,40072500,STOXX 50 EU,3911.1871499999997
2020-08-26 00:00:00,3894.2513999999996,3928.7196,3879.018,3356.76,26874899,STOXX 50 EU,3903.8688
2020-08-25 00:00:00,3901.9617,3946.9598999999994,3895.7607,3329.71,38715300,STOXX 50 EU,3921.3602999999994
2020-08-24 00:00:00,3825.3267,3906.0098999999996,3825.3267,3331.74,34479899,STOXX 50 EU,3865.6683
2020-08-21 00:00:00,3834.8037,3852.3069,3769.0614,3259.75,41593499,STOXX 50 EU,3810.68415
2020-08-20 00:00:00,3868.8273,3868.8273,3811.392,3273.98,32759999,STOXX 50 EU,3840.10965
2020-08-19 00:00:00,3845.8835999999997,3881.8728,3832.3467,3317.62,24944399,STOXX 50 EU,3857.10975
2020-08-18 00:00:00,3862.5912,3900.3587999999995,3832.9433999999997,3289.64,32935499,STOXX 50 EU,3866.6510999999996
2020-08-17 00:00:00,3867.6105,3883.3469999999998,3844.6082999999994,3305.85,27366300,STOXX 50 EU,3863.97765
2020-08-14 00:00:00,3907.0161,3907.0161,3832.8146999999994,3305.05,35486099,STOXX 50 EU,3869.9154
2020-08-13 00:00:00,3928.9653,3940.6419,3903.7869,3342.85,32549400,STOXX 50 EU,3922.2144
2020-08-12 00:00:00,3893.6196,3951.6047999999996,3886.1081999999997,3363.18,46062899,STOXX 50 EU,3918.8565
2020-08-11 00:00:00,3825.7946999999995,3919.2192,3825.7946999999995,3332.12,50579099,STOXX 50 EU,3872.50695
2020-08-10 00:00:00,3813.3459,3833.6337,3789.9224999999997,3259.71,30689100,STOXX 50 EU,3811.7780999999995
2020-08-07 00:00:00,3791.4084,3810.5964,3767.4585,3252.65,43313400,STOXX 50 EU,3789.02745
2020-08-06 00:00:00,3818.9736,3844.7369999999996,3771.7875,3240.39,76471200,STOXX 50 EU,3808.2622499999998
2020-08-05 00:00:00,3812.2344,3853.0089,3812.2344,3268.38,48274199,STOXX 50 EU,3832.62165
2020-08-04 00:00:00,3806.9928,3835.9152,3779.7083999999995,3254.29,55785599,STOXX 50 EU,3807.8117999999995
2020-08-03 00:00:00,3717.9792,3818.4705,3713.5566,3248.28,57154500,STOXX 50 EU,3766.0135499999997
2020-07-31 00:00:00,3757.1157,3797.7848999999997,3713.9544,3174.32,65157299,STOXX 50 EU,3755.8696499999996
2020-07-30 00:00:00,3861.7137,3861.7137,3714.0245999999997,3208.2,70398900,STOXX 50 EU,3787.8691499999995
2020-07-29 00:00:00,3865.9373999999993,3878.5031999999997,3853.5353999999998,3300.16,42026400,STOXX 50 EU,3866.0193
2020-07-28 00:00:00,3864.1355999999996,3880.6794,3838.3839,3303.56,36691199,STOXX 50 EU,3859.53165
2020-07-27 00:00:00,3870.5589,3881.1005999999998,3852.2016,3302.84,34047000,STOXX 50 EU,3866.6511
2020-07-24 00:00:00,3918.9617999999996,3918.9617999999996,3855.0212999999994,3310.89,40084199,STOXX 50 EU,3886.9915499999997
2020-07-23 00:00:00,3954.0969,3979.0764,3933.9378,3371.74,41967899,STOXX 50 EU,3956.5071
2020-07-22 00:00:00,3977.8596,3980.5622999999996,3932.9901,3370.76,43395300,STOXX 50 EU,3956.7762
2020-07-21 00:00:00,3982.8671999999997,4037.8571999999995,3979.6614,3405.35,58932900,STOXX 50 EU,4008.7592999999997
2020-07-20 00:00:00,3932.6625,3970.3130999999994,3899.1887999999994,3388.34,36925200,STOXX 50 EU,3934.7509499999996
2020-07-17 00:00:00,3943.4967,3949.0073999999995,3924.1566,3365.6,47303099,STOXX 50 EU,3936.5819999999994
2020-07-16 00:00:00,3944.1285,3950.5986,3908.9231999999997,3365.35,40797899,STOXX 50 EU,3929.7608999999998
2020-07-15 00:00:00,3898.2527999999998,3977.6607,3898.2527999999998,3378.21,54592199,STOXX 50 EU,3937.95675
2020-07-14 00:00:00,3896.1935999999996,3896.1935999999996,3834.558,3321.39,43079400,STOXX 50 EU,3865.3758
2020-07-13 00:00:00,3874.8294,3923.3142,3869.8451999999997,3350.0,38376000,STOXX 50 EU,3896.5797
2020-07-10 00:00:00,3808.8179999999998,3860.4617999999996,3792.3093,3296.22,37299600,STOXX 50 EU,3826.38555
2020-07-09 00:00:00,3851.2889999999998,3879.1818,3806.6885999999995,3261.17,38996100,STOXX 50 EU,3842.9352
2020-07-08 00:00:00,3873.6710999999996,3890.0744999999997,3835.3769999999995,3286.09,44658900,STOXX 50 EU,3862.7257499999996
2020-07-07 00:00:00,3906.3023999999996,3906.3023999999996,3860.9882999999995,3321.56,40797899,STOXX 50 EU,3883.64535
2020-07-06 00:00:00,3877.848,3949.5689999999995,3877.848,3350.03,50391900,STOXX 50 EU,3913.7084999999997
2020-07-03 00:00:00,3886.5410999999995,3896.6616,3836.5119,3294.38,33075899,STOXX 50 EU,3866.58675
2020-07-02 00:00:00,3790.1915999999997,3902.4179999999997,3790.1915999999997,3320.09,63414000,STOXX 50 EU,3846.3048
2020-07-01 00:00:00,3790.6362,3803.1551999999997,3721.9103999999998,3228.45,40762800,STOXX 50 EU,3762.5328
2020-06-30 00:00:00,3785.9678999999996,3801.8330999999994,3755.6531999999997,3234.07,49128299,STOXX 50 EU,3778.7431499999993
2020-06-29 00:00:00,3739.5656999999997,3805.2261,3724.2387,3232.02,45232199,STOXX 50 EU,3764.7324
2020-06-26 00:00:00,3782.7737999999995,3829.3748999999993,3743.7776999999996,3204.17,43407000,STOXX 50 EU,3786.5762999999997
2020-06-25 00:00:00,3739.6124999999997,3785.3712,3685.1139,3218.91,51480000,STOXX 50 EU,3735.24255
2020-06-24 00:00:00,3848.1299999999997,3848.1299999999997,3739.4603999999995,3196.12,52790399,STOXX 50 EU,3793.7951999999996
2020-06-23 00:00:00,3806.3960999999995,3881.9078999999997,3806.3960999999995,3298.83,55235699,STOXX 50 EU,3844.1519999999996
2020-06-22 00:00:00,3813.5330999999996,3836.9213999999997,3766.4055,3241.69,41277600,STOXX 50 EU,3801.66345
2020-06-19 00:00:00,3810.6899999999996,3861.7721999999994,3810.6899999999996,3269.1,130735799,STOXX 50 EU,3836.2310999999995
2020-06-18 00:00:00,3814.9838999999997,3847.1705999999995,3773.3669999999997,3249.9,62910900,STOXX 50 EU,3810.2688
2020-06-17 00:00:00,3790.9053,3841.0164,3789.1151999999997,3267.26,59857199,STOXX 50 EU,3815.0658
2020-06-16 00:00:00,3692.5551,3835.1078999999995,3692.5551,3242.65,77138100,STOXX 50 EU,3763.8315
2020-06-15 00:00:00,3663.7730999999994,3689.4428999999996,3573.3087,3136.4,61097399,STOXX 50 EU,3631.3758
2020-06-12 00:00:00,3668.2073999999993,3760.0992,3639.051,3153.74,65695499,STOXX 50 EU,3699.5751
2020-06-11 00:00:00,3818.4237,3818.4237,3679.1469,3144.57,87831899,STOXX 50 EU,3748.7853
2020-06-10 00:00:00,3892.9527,3926.2392,3848.4224999999997,3293.71,61904699,STOXX 50 EU,3887.33085
2020-06-09 00:00:00,3941.2035,3951.3239999999996,3854.8457999999996,3320.71,87258599,STOXX 50 EU,3903.0849
2020-06-08 00:00:00,3926.8124999999995,3972.0446999999995,3909.2625,3368.35,0,STOXX 50 EU,3940.6535999999996
2020-06-05 00:00:00,3839.8464,3962.7432,3839.8464,3384.29,108353699,STOXX 50 EU,3901.2947999999997
2020-06-04 00:00:00,3815.4753,3853.1142,3782.3642999999997,3261.67,85304700,STOXX 50 EU,3817.7392499999996
2020-06-03 00:00:00,3708.5840999999996,3832.5455999999995,3708.5840999999996,3269.59,84532500,STOXX 50 EU,3770.5648499999998
2020-06-02 00:00:00,3654.5535,3707.1332999999995,3637.0035,3156.45,0,STOXX 50 EU,3672.0683999999997
2020-05-29 00:00:00,3605.6826,3622.6007999999997,3567.7160999999996,3050.2,87492600,STOXX 50 EU,3595.15845
2020-05-28 00:00:00,3578.7374999999997,3630.4631999999997,3572.8992,3094.47,68737500,STOXX 50 EU,3601.6812
2020-05-27 00:00:00,3514.7853,3588.7994999999996,3513.1121999999996,3051.08,92792700,STOXX 50 EU,3550.9558499999994
2020-05-26 00:00:00,3490.8705,3521.0330999999996,3484.8801,2999.22,67298400,STOXX 50 EU,3502.9565999999995
2020-05-25 00:00:00,3415.3469999999998,3476.4794999999995,3408.1632,2971.35,31531499,STOXX 50 EU,3442.3213499999997
2020-05-22 00:00:00,3380.5746,3418.9739999999997,3339.2619,2905.47,52860600,STOXX 50 EU,3379.11795
2020-05-21 00:00:00,3425.3505,3436.0794,3390.4026,2904.98,45442800,STOXX 50 EU,3413.241
2020-05-20 00:00:00,3387.7467,3447.3698999999997,3363.6914999999995,2942.39,62711999,STOXX 50 EU,3405.5306999999993
2020-05-19 00:00:00,3429.4689,3445.6032,3365.6921999999995,2902.58,79466400,STOXX 50 EU,3405.6476999999995
2020-05-18 00:00:00,3276.0819,3420.2844,3276.0819,2911.88,57353400,STOXX 50 EU,3348.18315
2020-05-15 00:00:00,3249.5930999999996,3278.1645,3223.5254999999997,2770.7,53316900,STOXX 50 EU,3250.845
2020-05-14 00:00:00,3271.8815999999997,3271.8815999999997,3168.4419,2760.23,66760200,STOXX 50 EU,3220.1617499999998
2020-05-13 00:00:00,3360.2517000000003,3360.2517000000003,3282.1659,2810.55,50637600,STOXX 50 EU,3321.2088000000003
2020-05-12 00:00:00,3367.9737,3388.788,3359.3624999999997,2884.2,40177800,STOXX 50 EU,3374.07525
2020-05-11 00:00:00,3411.3923999999997,3424.8942,3348.2007,2883.75,39990600,STOXX 50 EU,3386.54745
2020-05-08 00:00:00,3384.7514999999994,3407.0633999999995,3378.3632999999995,2908.11,35158500,STOXX 50 EU,3392.7133499999995
2020-05-07 00:00:00,3326.0994,3373.1333999999997,3326.0994,2880.6,47408400,STOXX 50 EU,3349.6164
2020-05-06 00:00:00,3365.4464999999996,3368.0789999999997,3322.5308999999997,2843.76,48367800,STOXX 50 EU,3345.3049499999997
2020-05-05 00:00:00,3311.4860999999996,3367.8567000000003,3308.0228999999995,2875.91,57189600,STOXX 50 EU,3337.9398
2020-05-04 00:00:00,3391.7012999999997,3391.7012999999997,3277.2519,2816.48,67146300,STOXX 50 EU,3334.4766
2020-05-01 00:00:00,3425.6780999999996,3425.6780999999996,3425.6780999999996,2927.93,85105799,STOXX 50 EU,3425.6780999999996
2020-04-30 00:00:00,3513.7556999999997,3537.8810999999996,3413.2526999999995,2927.93,85105799,STOXX 50 EU,3475.5669
2020-04-29 00:00:00,3433.3532999999998,3510.5732999999996,3416.0957999999996,2996.08,58546800,STOXX 50 EU,3463.3345499999996
2020-04-28 00:00:00,3372.8876999999998,3453.0795,3370.4423999999995,2932.06,63905399,STOXX 50 EU,3411.76095
2020-04-27 00:00:00,3321.5832,3372.0687,3321.5832,2882.09,42260400,STOXX 50 EU,3346.82595
2020-04-24 00:00:00,3319.6760999999997,3333.4235999999996,3274.9703999999997,2809.07,49654799,STOXX 50 EU,3304.1969999999997
2020-04-23 00:00:00,3319.6644,3373.812,3293.6903999999995,2852.46,48648599,STOXX 50 EU,3333.7511999999997
2020-04-22 00:00:00,3276.9476999999997,3320.7642,3276.9476999999997,2834.9,48192299,STOXX 50 EU,3298.85595
2020-04-21 00:00:00,3380.7969,3380.7969,3265.8678,2791.34,59599799,STOXX 50 EU,3323.3323499999997
2020-04-20 00:00:00,3387.0446999999995,3404.115,3321.8405999999995,2909.5,49385700,STOXX 50 EU,3362.9777999999997
2020-04-17 00:00:00,3325.2569999999996,3429.9135,3325.2569999999996,2888.3,71604000,STOXX 50 EU,3377.58525
2020-04-16 00:00:00,3307.2389999999996,3338.6769,3266.8388999999997,2812.35,62595000,STOXX 50 EU,3302.7578999999996
2020-04-15 00:00:00,3409.731,3409.731,3270.6998999999996,2808.2,70375499,STOXX 50 EU,3340.2154499999997
2020-04-14 00:00:00,3406.1039999999994,3458.7773999999995,3399.6923999999995,2917.74,59740200,STOXX 50 EU,3429.2348999999995
2020-04-09 00:00:00,3351.4064999999996,3418.8219,3315.1364999999996,2892.79,73745100,STOXX 50 EU,3366.9791999999998
2020-04-08 00:00:00,3330.1124999999997,3335.9858999999997,3268.6407,2851.27,55493100,STOXX 50 EU,3302.3133
2020-04-07 00:00:00,3298.8501,3409.9181999999996,3298.8501,2857.67,80648100,STOXX 50 EU,3354.38415
2020-04-06 00:00:00,3161.1762,3281.499,3161.1762,2795.97,68503499,STOXX 50 EU,3221.3376
2020-04-03 00:00:00,3142.7019,3151.395,3107.286,2662.99,74411999,STOXX 50 EU,3129.3405000000002
2020-04-02 00:00:00,3150.9620999999997,3172.3964999999994,3072.537,2688.49,77875199,STOXX 50 EU,3122.4667499999996
2020-04-01 00:00:00,3229.8318,3229.8318,3116.2014,2680.3,73967400,STOXX 50 EU,3173.0166
2020-03-31 00:00:00,3253.536,3307.9644,3191.7834,2786.9,87164999,STOXX 50 EU,3249.8738999999996
2020-03-30 00:00:00,3199.8563999999997,3235.7753999999995,3110.8896,2765.62,75032099,STOXX 50 EU,3173.3324999999995
2020-03-27 00:00:00,3279.6153,3279.6153,3152.8926,2728.65,77430600,STOXX 50 EU,3216.2539500000003
2020-03-26 00:00:00,3236.0562,3331.9026,3166.3592999999996,2847.78,76412700,STOXX 50 EU,3249.1309499999998
2020-03-25 00:00:00,3225.6782999999996,3310.3278,3124.2158999999997,2800.14,105896700,STOXX 50 EU,3217.27185
2020-03-24 00:00:00,2933.9037,3176.6787,2933.9037,2715.11,102819600,STOXX 50 EU,3055.2911999999997
2020-03-23 00:00:00,2948.9615999999996,3028.5216,2840.6078999999995,2485.54,0,STOXX 50 EU,2934.5647499999995
2020-03-20 00:00:00,2895.9138,3057.8301,2895.9138,2548.5,156440700,STOXX 50 EU,2976.8719499999997
2020-03-19 00:00:00,2795.0598,2880.0369,2744.001,2454.08,118579499,STOXX 50 EU,2812.01895
2020-03-18 00:00:00,2933.5760999999998,2933.5760999999998,2767.8689999999997,2385.82,114905699,STOXX 50 EU,2850.7225499999995
2020-03-17 00:00:00,2895.9605999999994,2989.8297,2780.1891,2530.5,125084699,STOXX 50 EU,2885.0094
2020-03-16 00:00:00,2992.5207,2992.5207,2694.3228,2450.37,160453799,STOXX 50 EU,2843.42175
2020-03-13 00:00:00,3023.7012,3268.1259,2968.6059,2586.02,159763500,STOXX 50 EU,3118.3659
2020-03-12 00:00:00,3373.4024999999997,3373.4024999999997,2966.9912999999997,2545.23,195776100,STOXX 50 EU,3170.1969
2020-03-11 00:00:00,3422.1680999999994,3508.4204999999997,3385.3130999999994,2905.56,102632399,STOXX 50 EU,3446.8668
2020-03-10 00:00:00,3479.1237,3613.6268999999998,3389.1857999999997,2910.02,138317400,STOXX 50 EU,3501.4063499999997
2020-03-09 00:00:00,3760.6139999999996,3760.6139999999996,3439.6245,2959.07,167742900,STOXX 50 EU,3600.1192499999997
2020-03-06 00:00:00,3916.9610999999995,3916.9610999999995,3763.2347999999997,3232.07,99555300,STOXX 50 EU,3840.0979499999994
2020-03-05 00:00:00,4015.1826,4022.5301999999997,3905.9396999999994,3363.58,85480200,STOXX 50 EU,3964.2349499999996
2020-03-04 00:00:00,3947.58,4022.7057,3919.7691,3420.56,77723100,STOXX 50 EU,3971.2374
2020-03-03 00:00:00,3925.9583999999995,4034.4407999999994,3924.531,3371.97,92956499,STOXX 50 EU,3979.4858999999997
2020-03-02 00:00:00,3925.7360999999996,3985.488,3811.8482999999997,3338.83,105323399,STOXX 50 EU,3898.6681499999995
2020-02-28 00:00:00,4014.8783999999996,4014.8783999999996,3841.3205999999996,3329.49,144015300,STOXX 50 EU,3928.0994999999994
2020-02-27 00:00:00,4157.0685,4157.0685,3990.5189999999993,3455.92,101509200,STOXX 50 EU,4073.79375
2020-02-26 00:00:00,4173.4251,4207.086,4057.0685999999996,3577.68,83994300,STOXX 50 EU,4132.0773
2020-02-25 00:00:00,4277.3328,4292.379,4175.1215999999995,3572.51,73487700,STOXX 50 EU,4233.7503
2020-02-24 00:00:00,4401.9495,4401.9495,4249.7793,3647.98,93600000,STOXX 50 EU,4325.8644
2020-02-21 00:00:00,4465.3167,4478.0112,4418.8794,3800.38,56674799,STOXX 50 EU,4448.445299999999
2020-02-20 00:00:00,4524.7176,4524.7176,4472.8866,3822.98,48297599,STOXX 50 EU,4498.8021
2020-02-19 00:00:00,4500.2762999999995,4522.553099999999,4500.2762999999995,3865.18,47232899,STOXX 50 EU,4511.414699999999
2020-02-18 00:00:00,4502.8152,4502.8152,4476.6891,3836.54,62080200,STOXX 50 EU,4489.75215
2020-02-17 00:00:00,4496.427,4509.531,4494.0401999999995,3853.27,28384200,STOXX 50 EU,4501.785599999999
2020-02-14 00:00:00,4502.0781,4506.1614,4487.8742999999995,3840.97,34983000,STOXX 50 EU,4497.01785
2020-02-13 00:00:00,4503.446999999999,4503.446999999999,4445.9766,3846.74,45325800,STOXX 50 EU,4474.711799999999
2020-02-12 00:00:00,4480.7022,4509.683099999999,4480.7022,3854.43,49420800,STOXX 50 EU,4495.192649999999
2020-02-11 00:00:00,4451.218199999999,4483.5102,4451.218199999999,3825.84,45185399,STOXX 50 EU,4467.3642
2020-02-10 00:00:00,4439.1906,4439.1906,4421.547,3793.18,33298200,STOXX 50 EU,4430.3688
2020-02-07 00:00:00,4451.6862,4453.0902,4425.1857,3798.49,45817199,STOXX 50 EU,4439.13795
2020-02-06 00:00:00,4435.5518999999995,4456.225799999999,4434.931799999999,3805.52,61436699,STOXX 50 EU,4445.578799999999
2020-02-05 00:00:00,4360.8474,4425.934499999999,4349.7324,3777.84,66514500,STOXX 50 EU,4387.83345
2020-02-04 00:00:00,4295.0466,4366.7676,4295.0466,3732.28,53094600,STOXX 50 EU,4330.9071
2020-02-03 00:00:00,4266.8261999999995,4297.7376,4260.9528,3661.27,38025000,STOXX 50 EU,4279.3452
2020-01-31 00:00:00,4326.2739,4335.2361,4258.1448,3640.91,58149000,STOXX 50 EU,4296.69045
2020-01-30 00:00:00,4349.978099999999,4349.978099999999,4301.6921999999995,3690.78,49678200,STOXX 50 EU,4325.835149999999
2020-01-29 00:00:00,4349.6388,4379.6142,4347.4158,3736.36,42669900,STOXX 50 EU,4363.514999999999
2020-01-28 00:00:00,4311.0873,4355.5707,4295.935799999999,3719.22,43851599,STOXX 50 EU,4325.75325
2020-01-27 00:00:00,4392.9171,4392.9171,4298.346,3677.84,52462800,STOXX 50 EU,4345.63155
2020-01-24 00:00:00,4381.3575,4440.536099999999,4381.3575,3779.16,37124100,STOXX 50 EU,4410.9468
2020-01-23 00:00:00,4403.996999999999,4410.9117,4368.8502,3736.85,38996100,STOXX 50 EU,4389.88095
2020-01-22 00:00:00,4436.6984999999995,4449.1356,4405.623299999999,3769.79,38001599,STOXX 50 EU,4427.379449999999
2020-01-21 00:00:00,4429.9242,4433.270399999999,4399.6212,3789.12,32280299,STOXX 50 EU,4416.4457999999995
2020-01-20 00:00:00,4451.5458,4452.5637,4436.0667,3799.03,24371099,STOXX 50 EU,4444.3152
2020-01-17 00:00:00,4423.2318,4462.146,4423.2318,3808.26,38610000,STOXX 50 EU,4442.688899999999
2020-01-16 00:00:00,4412.0232,4429.2339,4397.5035,3774.14,20568599,STOXX 50 EU,4413.3687
2020-01-15 00:00:00,4416.6681,4421.3598,4393.701,3768.96,39089699,STOXX 50 EU,4407.5304
2020-01-14 00:00:00,4421.8395,4426.9992,4382.1999,3774.88,38691900,STOXX 50 EU,4404.59955
2020-01-13 00:00:00,4434.1479,4444.3386,4409.086499999999,3779.68,32186700,STOXX 50 EU,4426.71255
2020-01-10 00:00:00,4447.310399999999,4450.574699999999,4430.7081,3789.52,32058000,STOXX 50 EU,4440.6413999999995
2020-01-09 00:00:00,4425.8409,4454.2953,4425.8409,3795.88,39171599,STOXX 50 EU,4440.0681
2020-01-08 00:00:00,4390.8579,4417.2531,4367.4929999999995,3772.56,40938300,STOXX 50 EU,4392.37305
2020-01-07 00:00:00,4399.3053,4427.7714,4385.3121,3759.25,34924500,STOXX 50 EU,4406.54175
2020-01-06 00:00:00,4404.2778,4404.2778,4341.7998,3752.52,33157799,STOXX 50 EU,4373.0388
2020-01-03 00:00:00,4431.4569,4431.4569,4382.2818,3773.37,35497800,STOXX 50 EU,4406.86935
2020-01-02 00:00:00,4392.4608,4447.322099999999,4392.4608,3793.24,35006400,STOXX 50 EU,4419.891449999999
2019-12-31 00:00:00,4383.5337,4386.446999999999,4373.986499999999,3745.15,25821900,STOXX 50 EU,4380.21675
2019-12-30 00:00:00,4423.114799999999,4423.114799999999,4385.7099,3748.47,21855600,STOXX 50 EU,4404.41235
2019-12-27 00:00:00,4418.8794,4440.0680999999995,4417.0542,3782.27,28594800,STOXX 50 EU,4428.5611499999995
2019-12-24 00:00:00,4415.7321,4416.352199999999,4411.9646999999995,3774.39,18041400,STOXX 50 EU,4414.158449999999
2019-12-23 00:00:00,4416.8319,4421.406599999999,4408.326,3776.66,26980199,STOXX 50 EU,4414.8663
2019-12-20 00:00:00,4376.6307,4418.575199999999,4373.7173999999995,3776.56,99274499,STOXX 50 EU,4396.146299999999
2019-12-19 00:00:00,4377.5901,4384.3877999999995,4355.4069,3739.17,41663700,STOXX 50 EU,4369.897349999999
2019-12-18 00:00:00,4380.48,4394.2977,4374.63,3739.0,39171599,STOXX 50 EU,4384.46385
2019-12-17 00:00:00,4409.8938,4409.8938,4378.8654,3745.28,43559099,STOXX 50 EU,4394.3796
2019-12-16 00:00:00,4374.5247,4420.809899999999,4374.5247,3772.74,35123400,STOXX 50 EU,4397.667299999999
2019-12-13 00:00:00,4353.1605,4405.869,4353.1605,3731.07,57657599,STOXX 50 EU,4379.51475
2019-12-12 00:00:00,4316.9139,4356.612,4300.4871,3706.35,47385000,STOXX 50 EU,4328.54955
2019-12-11 00:00:00,4290.916499999999,4319.7687,4281.6501,3687.45,31145400,STOXX 50 EU,4300.7094
2019-12-10 00:00:00,4296.2049,4300.7796,4241.25,3671.78,33438599,STOXX 50 EU,4271.0148
2019-12-09 00:00:00,4319.4762,4319.4762,4295.1519,3672.18,30946499,STOXX 50 EU,4307.31405
2019-12-06 00:00:00,4274.2791,4320.4707,4274.2791,3692.34,34058699,STOXX 50 EU,4297.3749
2019-12-05 00:00:00,4285.71,4309.1919,4268.3121,3648.13,29694599,STOXX 50 EU,4288.752
2019-12-04 00:00:00,4225.9815,4289.103,4225.9815,3660.02,37627199,STOXX 50 EU,4257.54225
2019-12-03 00:00:00,4253.1255,4267.5984,4205.916,3610.99,44073900,STOXX 50 EU,4236.7572
2019-12-02 00:00:00,4333.3992,4363.7958,4239.050399999999,3626.66,52252199,STOXX 50 EU,4301.4231
2019-11-29 00:00:00,4328.2278,4352.201099999999,4313.7198,3703.58,33660900,STOXX 50 EU,4332.96045
2019-11-28 00:00:00,4337.2485,4338.5472,4326.917399999999,3704.48,24429599,STOXX 50 EU,4332.7323
2019-11-27 00:00:00,4339.1907,4354.4592,4334.253299999999,3712.85,32221799,STOXX 50 EU,4344.35625
2019-11-26 00:00:00,4338.8631,4342.7474999999995,4322.799,3705.55,50052600,STOXX 50 EU,4332.77325
2019-11-25 00:00:00,4326.0633,4341.7179,4326.0633,3707.68,27588599,STOXX 50 EU,4333.8906
2019-11-22 00:00:00,4308.197399999999,4340.5596,4308.197399999999,3687.32,37311299,STOXX 50 EU,4324.378499999999
2019-11-21 00:00:00,4300.6275,4315.3929,4272.2667,3679.66,35310600,STOXX 50 EU,4293.8297999999995
2019-11-20 00:00:00,4315.9662,4315.9662,4285.9556999999995,3683.88,36000899,STOXX 50 EU,4300.96095
2019-11-19 00:00:00,4334.7096,4368.1365,4315.6503,3696.56,34901099,STOXX 50 EU,4341.8934
2019-11-18 00:00:00,4342.080599999999,4348.6443,4314.141,3704.92,34807500,STOXX 50 EU,4331.39265
2019-11-15 00:00:00,4326.7302,4344.5142,4317.370199999999,3711.61,39136500,STOXX 50 EU,4330.9421999999995
2019-11-14 00:00:00,4328.6840999999995,4332.4398,4314.1059,3688.81,37053900,STOXX 50 EU,4323.272849999999
2019-11-13 00:00:00,4341.565799999999,4341.565799999999,4305.1671,3699.5,46332000,STOXX 50 EU,4323.3664499999995
2019-11-12 00:00:00,4329.573299999999,4351.697999999999,4329.1287,3712.2,40926599,STOXX 50 EU,4340.41335
2019-11-11 00:00:00,4325.4549,4332.2526,4309.496099999999,3696.82,36936900,STOXX 50 EU,4320.87435
2019-11-08 00:00:00,4332.9195,4337.084699999999,4314.948299999999,3699.65,49175100,STOXX 50 EU,4326.0165
2019-11-07 00:00:00,4323.1149,4339.1205,4323.1149,3706.68,52158599,STOXX 50 EU,4331.1177
2019-11-06 00:00:00,4300.2531,4319.874,4295.350799999999,3688.74,49490999,STOXX 50 EU,4307.6124
2019-11-05 00:00:00,4289.8517999999995,4303.9971,4283.615699999999,3676.52,56347199,STOXX 50 EU,4293.8063999999995
2019-11-04 00:00:00,4248.7964999999995,4296.017699999999,4248.7964999999995,3665.21,48905999,STOXX 50 EU,4272.407099999999
2019-11-01 00:00:00,4223.957399999999,4251.3588,4220.9856,3623.74,32514300,STOXX 50 EU,4236.1722
2019-10-31 00:00:00,4241.6712,4249.287899999999,4204.512,3604.41,52579799,STOXX 50 EU,4226.899949999999
2019-10-30 00:00:00,4231.0125,4240.7001,4207.671,3620.29,50005800,STOXX 50 EU,4224.18555
2019-10-29 00:00:00,4241.8701,4242.408299999999,4225.7708999999995,3622.09,40645800,STOXX 50 EU,4234.089599999999
2019-10-28 00:00:00,4239.8928,4256.3898,4229.3511,3625.69,36808200,STOXX 50 EU,4242.87045
2019-10-25 00:00:00,4238.6642999999995,4248.3168,4217.148,3624.68,37638900,STOXX 50 EU,4232.7324
2019-10-24 00:00:00,4225.595399999999,4243.4496,4221.1728,3621.37,60407100,STOXX 50 EU,4232.3112
2019-10-23 00:00:00,4207.0626,4222.0971,4195.3392,3606.89,42482700,STOXX 50 EU,4208.718150000001
2019-10-22 00:00:00,4213.0998,4222.9277999999995,4196.368799999999,3604.82,37615500,STOXX 50 EU,4209.648299999999
2019-10-21 00:00:00,4192.5428999999995,4222.4715,4187.2077,3600.08,40482000,STOXX 50 EU,4204.839599999999
2019-10-18 00:00:00,4197.258,4208.1507,4178.0817,3579.41,40715999,STOXX 50 EU,4193.1162
2019-10-17 00:00:00,4207.0041,4247.603099999999,4198.685399999999,3588.62,51842700,STOXX 50 EU,4223.144249999999
2019-10-16 00:00:00,4212.8892,4224.2148,4198.0653,3599.25,54662400,STOXX 50 EU,4211.14005
2019-10-15 00:00:00,4167.9963,4224.0626999999995,4167.9963,3598.65,50087700,STOXX 50 EU,4196.0295
2019-10-14 00:00:00,4171.4946,4171.4946,4131.5391,3556.26,30244500,STOXX 50 EU,4151.51685
2019-10-11 00:00:00,4088.8926,4176.8063999999995,4083.9084,3569.92,55727100,STOXX 50 EU,4130.3574
2019-10-10 00:00:00,4059.8882999999996,4096.3922999999995,4031.1648,3493.96,41815800,STOXX 50 EU,4063.77855
2019-10-09 00:00:00,4016.8089,4064.4864,4010.4909,3462.11,29542499,STOXX 50 EU,4037.48865
2019-10-08 00:00:00,4063.6907999999994,4067.4581999999996,4009.3794,3432.76,33883200,STOXX 50 EU,4038.4187999999995
2019-10-07 00:00:00,4027.3037999999997,4062.0996,4017.6278999999995,3471.24,28980900,STOXX 50 EU,4039.8637499999995
2019-10-04 00:00:00,4005.7875,4032.6506999999997,3985.5348,3446.71,37521899,STOXX 50 EU,4009.09275
2019-10-03 00:00:00,3994.5437999999995,4014.5507999999995,3976.4087999999997,3417.37,37849500,STOXX 50 EU,3995.4797999999996
2019-10-02 00:00:00,4114.7496,4114.7496,3993.5726999999997,3413.31,53878499,STOXX 50 EU,4054.16115
2019-10-01 00:00:00,4180.5036,4198.7555999999995,4116.3525,3518.25,41336099,STOXX 50 EU,4157.55405
2019-09-30 00:00:00,4147.7319,4177.0755,4138.1847,3569.45,40856400,STOXX 50 EU,4157.6301
2019-09-27 00:00:00,4135.3299,4157.3025,4135.3299,3545.88,31894200,STOXX 50 EU,4146.316199999999
2019-09-26 00:00:00,4106.466,4139.647199999999,4102.0785,3532.18,35977500,STOXX 50 EU,4120.8628499999995
2019-09-25 00:00:00,4126.4028,4126.4028,4071.9276,3513.03,41394600,STOXX 50 EU,4099.1651999999995
2019-09-24 00:00:00,4144.7601,4151.1366,4132.0305,3532.05,34889399,STOXX 50 EU,4141.583549999999
2019-09-23 00:00:00,4172.1732,4172.1732,4125.7242,3536.97,41078700,STOXX 50 EU,4148.9487
2019-09-20 00:00:00,4156.6941,4186.306799999999,4149.171,3571.39,101977200,STOXX 50 EU,4167.7389
2019-09-19 00:00:00,4127.175,4159.197899999999,4123.5129,3552.65,40751099,STOXX 50 EU,4141.3553999999995
2019-09-18 00:00:00,4119.4295999999995,4137.8805,4116.0717,3528.04,37463400,STOXX 50 EU,4126.9761
2019-09-17 00:00:00,4115.5569,4126.59,4102.4412,3521.26,45220499,STOXX 50 EU,4114.515600000001
2019-09-16 00:00:00,4142.349899999999,4142.349899999999,4116.586499999999,3518.45,46004400,STOXX 50 EU,4129.468199999999
2019-09-13 00:00:00,4141.718099999999,4160.344499999999,4135.2246,3550.11,52369199,STOXX 50 EU,4147.784549999999
2019-09-12 00:00:00,4120.7868,4159.467,4109.7303,3538.86,59693400,STOXX 50 EU,4134.59865
2019-09-11 00:00:00,4097.6208,4119.5115,4097.6208,3516.82,51585300,STOXX 50 EU,4108.56615
2019-09-10 00:00:00,4087.746,4096.9655999999995,4071.1085999999996,3498.99,54182700,STOXX 50 EU,4084.0370999999996
2019-09-09 00:00:00,4090.1444999999994,4098.5685,4079.4975,3495.02,40505399,STOXX 50 EU,4089.0330000000004
2019-09-06 00:00:00,4077.2862,4090.1678999999995,4071.1553999999996,3495.19,41277600,STOXX 50 EU,4080.6616499999996
2019-09-05 00:00:00,4041.1682999999994,4081.5215999999996,4041.1682999999994,3484.7,46928700,STOXX 50 EU,4061.3449499999997
2019-09-04 00:00:00,4007.2266,4049.4401999999995,4007.2266,3450.83,42190200,STOXX 50 EU,4028.3333999999995
2019-09-03 00:00:00,4015.6973999999996,4015.6973999999996,3985.6635,3420.74,33263099,STOXX 50 EU,4000.68045
2019-09-02 00:00:00,3331.61791015625,3336.1003710937503,3315.3508984375003,3331.4516015625,1295066700,Hang Seng,3325.7256347656253
2019-09-03 00:00:00,3321.021640625,3345.6866015625,3314.7542187500003,3318.6204492187503,1149210200,Hang Seng,3330.22041015625
2019-09-04 00:00:00,3337.7708203125003,3465.047421875,3337.7708203125003,3448.0199609375,2688524600,Hang Seng,3401.4091210937504
2019-09-05 00:00:00,3446.6717187500003,3470.72044921875,3416.8054882812503,3447.0188085937502,1996619100,Hang Seng,3443.7629687500003
2019-09-06 00:00:00,3480.50701171875,3482.8025781250003,3453.21208984375,3469.79876953125,1895344700,Hang Seng,3468.0073339843752
2019-09-09 00:00:00,3476.63671875,3485.02171875,3459.25455078125,3468.58205078125,1700948300,Hang Seng,3472.138134765625
2019-09-10 00:00:00,3488.1574609375,3493.2000390625003,3462.48119140625,3468.878359375,1738020300,Hang Seng,3477.840615234375
2019-09-11 00:00:00,3482.78328125,3530.73626953125,3471.73201171875,3530.67787109375,2072246200,Hang Seng,3501.234140625
2019-09-12 00:00:00,3546.9174609375,3546.9174609375,3505.7425000000003,3521.39201171875,1337046900,Hang Seng,3526.3299804687504
2019-09-13 00:00:00,3530.0862695312503,3557.6383984375,3519.690078125,3555.84962890625,1176496300,Hang Seng,3538.66423828125
2019-09-16 00:00:00,3537.67578125,3537.67578125,3506.9191015625,3526.1916015625,2189101500,Hang Seng,3522.29744140625
2019-09-17 00:00:00,3502.584921875,3503.7391796875,3470.26798828125,3482.7312304687503,1850715100,Hang Seng,3487.003583984375
2019-09-18 00:00:00,3488.9958593750002,3495.8508203125,3474.98201171875,3478.0354882812503,1372644100,Hang Seng,3485.416416015625
2019-09-19 00:00:00,3486.6949609375,3486.6949609375,3428.3716796875,3440.9633984375,1330417000,Hang Seng,3457.5333203125
2019-09-20 00:00:00,3449.27451171875,3453.36671875,3433.3533203125003,3436.63708984375,1972985800,Hang Seng,3443.36001953125
2019-09-23 00:00:00,3440.27048828125,3442.7938085937503,3404.18126953125,3408.91205078125,1285452900,Hang Seng,3423.4875390625
2019-09-24 00:00:00,3419.027421875,3430.9574609375,3406.9450390625,3416.53,2089366000,Hang Seng,3418.95125
2019-09-25 00:00:00,3401.152421875,3404.77287109375,3369.298359375,3372.89544921875,1762622300,Hang Seng,3387.0356152343747
2019-09-26 00:00:00,3389.76955078125,3392.95328125,3369.2854101562502,3385.450859375,1700238600,Hang Seng,3381.119345703125
2019-09-27 00:00:00,3377.1374609375002,3382.269921875,3359.2858203125,3374.12537109375,984279500,Hang Seng,3370.77787109375
2019-09-30 00:00:00,3359.812421875,3401.0208984375,3352.2175781250003,3391.9950390625,1343934800,Hang Seng,3376.61923828125
2019-10-02 00:00:00,3367.1911914062503,3392.04048828125,3351.16869140625,3385.5496289062503,1202153800,Hang Seng,3371.60458984375
2019-10-03 00:00:00,3358.08712890625,3405.07298828125,3355.23119140625,3394.34037109375,1142351000,Hang Seng,3380.15208984375
2019-10-04 00:00:00,3402.03626953125,3402.03626953125,3329.62373046875,3356.73380859375,1137243700,Hang Seng,3365.83
2019-10-08 00:00:00,3360.3349609375,3403.40380859375,3348.995,3366.14205078125,1779110400,Hang Seng,3376.199404296875
2019-10-09 00:00:00,3345.79451171875,3362.6891796875,3335.3658203125,3338.76537109375,1588334500,Hang Seng,3349.0275
2019-10-10 00:00:00,3331.324140625,3355.2454101562503,3317.8533984375,3342.030859375,1434231600,Hang Seng,3336.549404296875
2019-10-11 00:00:00,3378.286640625,3431.09126953125,3376.889140625,3420.09712890625,2030977900,Hang Seng,3403.9902050781247
2019-10-14 00:00:00,3447.720859375,3462.800859375,3430.2333203125,3447.84044921875,2096251800,Hang Seng,3446.51708984375
2019-10-15 00:00:00,3459.18701171875,3459.18701171875,3436.345859375,3445.510859375,1569211500,Hang Seng,3447.766435546875
2019-10-16 00:00:00,3452.00705078125,3470.8128710937503,3436.215859375,3466.3563085937503,1689389100,Hang Seng,3453.514365234375
2019-10-17 00:00:00,3485.1750781250003,3504.386640625,3474.8362695312503,3490.30373046875,1403839300,Hang Seng,3489.611455078125
2019-10-18 00:00:00,3498.3716015625,3508.0604101562503,3464.51701171875,3473.54541015625,1541856100,Hang Seng,3486.2887109375
2019-10-21 00:00:00,3472.97869140625,3486.39712890625,3465.581640625,3474.338359375,1045151500,Hang Seng,3475.989384765625
2019-10-22 00:00:00,3485.79537109375,3489.7575781250002,3470.7791015625003,3482.2058984375003,1496851400,Hang Seng,3480.2683398437503
2019-10-23 00:00:00,3480.3574609375,3486.46873046875,3443.922421875,3453.6749609375,1270778600,Hang Seng,3465.195576171875
2019-10-24 00:00:00,3464.63380859375,3485.355859375,3456.983359375,3483.7333984375,1496729000,Hang Seng,3471.1696093749997
2019-10-25 00:00:00,3483.43328125,3483.43328125,3460.753359375,3466.76078125,1151226200,Hang Seng,3472.0933203125
2019-10-28 00:00:00,3480.11421875,3510.738359375,3479.1508984375,3495.86376953125,1476176200,Hang Seng,3494.94462890625
2019-10-29 00:00:00,3513.5828710937503,3513.5828710937503,3474.77787109375,3482.27876953125,1515348700,Hang Seng,3494.18037109375
2019-10-30 00:00:00,3479.7074609375,3485.23880859375,3458.3833984375,3466.802421875,1554112000,Hang Seng,3471.8111035156253
2019-10-31 00:00:00,3472.0983984375002,3511.235,3472.0983984375002,3497.87369140625,1907594000,Hang Seng,3491.66669921875
2019-11-01 00:00:00,3484.83712890625,3523.31458984375,3484.074140625,3523.09876953125,1421451500,Hang Seng,3503.6943652343753
2019-11-04 00:00:00,3548.98451171875,3581.1491015625,3548.929921875,3581.1491015625,1777502800,Hang Seng,3565.03951171875
2019-11-05 00:00:00,3588.1429492187503,3605.2991406250003,3570.23291015625,3598.8420507812502,1748633300,Hang Seng,3587.766025390625
2019-11-06 00:00:00,3592.7229101562502,3607.6183203125,3581.2100390625,3599.5232812500003,1316670900,Hang Seng,3594.4141796875
2019-11-07 00:00:00,3599.77794921875,3627.1041015625,3579.5383203125,3620.1399609375003,1353594600,Hang Seng,3603.3212109375
2019-11-08 00:00:00,3626.29287109375,3626.29287109375,3585.6975781250003,3594.6482812500003,1491797400,Hang Seng,3605.9952246093753
2019-11-11 00:00:00,3556.9833203125,3556.9833203125,3487.9611914062502,3500.4516015625,1921659900,Hang Seng,3522.472255859375
2019-11-12 00:00:00,3518.3537695312502,3519.9670898437503,3483.29921875,3518.48630859375,1149626200,Hang Seng,3501.633154296875
2019-11-13 00:00:00,3478.9508203125,3478.9508203125,3440.49291015625,3454.289921875,1855002900,Hang Seng,3459.7218652343754
2019-11-14 00:00:00,3437.7499609375,3458.774921875,3406.51619140625,3422.07962890625,1554697800,Hang Seng,3432.645556640625
2019-11-15 00:00:00,3448.8933984375003,3450.8045507812503,3419.01041015625,3422.4658203125,1180282700,Hang Seng,3434.9074804687502
2019-11-18 00:00:00,3437.51078125,3471.2808203125,3432.8254492187502,3468.5416796875,1425323100,Hang Seng,3452.053134765625
2019-11-19 00:00:00,3467.271640625,3522.1941015625002,3458.73201171875,3522.1941015625002,1542578800,Hang Seng,3490.463056640625
2019-11-20 00:00:00,3501.7825781250003,3505.08208984375,3484.56544921875,3495.6492187500003,1333243700,Hang Seng,3494.82376953125
2019-11-21 00:00:00,3456.3866796875,3456.3866796875,3419.7825390625003,3440.69451171875,1712162300,Hang Seng,3438.084609375
2019-11-22 00:00:00,3456.0345117187503,3469.72208984375,3443.39708984375,3457.36041015625,1100431900,Hang Seng,3456.55958984375
2019-11-25 00:00:00,3493.5354492187503,3524.84869140625,3490.8757812500003,3509.0950781250003,1497175900,Hang Seng,3507.862236328125
2019-11-26 00:00:00,3533.9070507812503,3539.62298828125,3498.80958984375,3498.80958984375,2416392100,Hang Seng,3519.2162890625
2019-11-27 00:00:00,3502.6575390625003,3506.65630859375,3492.6841015625,3504.02,1133748200,Hang Seng,3499.670205078125
2019-11-28 00:00:00,3479.27201171875,3508.9341015625,3479.27201171875,3496.1849609375,998841900,Hang Seng,3494.1030566406253
2019-11-29 00:00:00,3471.6995117187503,3471.6995117187503,3420.05294921875,3425.0437304687503,2004856800,Hang Seng,3445.8762304687502
2019-12-02 00:00:00,3441.7941796875,3446.5016015625,3431.1016796875,3437.81369140625,1348911800,Hang Seng,3438.801640625
2019-12-03 00:00:00,3421.07619140625,3435.13548828125,3388.1925390625,3430.8691015625,1795451800,Hang Seng,3411.664013671875
2019-12-04 00:00:00,3389.28078125,3404.932578125,3379.36955078125,3388.13287109375,1502327900,Hang Seng,3392.151064453125
2019-12-05 00:00:00,3419.0662695312503,3419.0662695312503,3397.42787109375,3408.215078125,1228026600,Hang Seng,3408.2470703125
2019-12-06 00:00:00,3424.8758984375,3447.61041015625,3420.2141796875003,3444.78798828125,1644211100,Hang Seng,3433.9122949218754
2019-12-09 00:00:00,3446.8161914062503,3460.3725,3436.1950390625,3444.3149609375,1301819900,Hang Seng,3448.28376953125
2019-12-10 00:00:00,3429.26873046875,3448.5216796875,3426.21880859375,3436.76048828125,956293300,Hang Seng,3437.370244140625
2019-12-11 00:00:00,3433.3116796875,3465.7974609375,3427.375859375,3463.905859375,1409589200,Hang Seng,3446.58666015625
2019-12-12 00:00:00,3488.93212890625,3516.3674609375003,3488.93212890625,3509.23828125,1451721900,Hang Seng,3502.649794921875
2019-12-13 00:00:00,3574.28626953125,3599.40876953125,3562.68376953125,3599.40876953125,2212195500,Hang Seng,3581.04626953125
2019-12-16 00:00:00,3578.965,3603.070859375,3571.531640625,3576.0516796875,1421412600,Hang Seng,3587.30125
2019-12-17 00:00:00,3591.9896289062503,3626.31369140625,3583.24712890625,3619.6824218750003,1926224500,Hang Seng,3604.78041015625
2019-12-18 00:00:00,3624.947421875,3624.947421875,3624.947421875,3624.947421875,0,Hang Seng,3624.947421875
2019-12-19 00:00:00,3628.14130859375,3628.14130859375,3597.78123046875,3614.0637304687502,1296810200,Hang Seng,3612.96126953125
2019-12-20 00:00:00,3618.4916015625,3634.7375390625,3606.2858203125,3623.27544921875,1680024400,Hang Seng,3620.5116796875
2019-12-23 00:00:00,3643.2004882812503,3643.2004882812503,3617.9104101562502,3627.8333203125003,1216834000,Hang Seng,3630.5554492187503
2019-12-24 00:00:00,3627.19626953125,3629.767578125,3613.0458203125,3622.3474218750002,483984100,Hang Seng,3621.40669921875
2019-12-27 00:00:00,3644.3758203125003,3669.39421875,3640.08048828125,3669.30458984375,1375016100,Hang Seng,3654.737353515625
2019-12-30 00:00:00,3672.5624609375,3694.42455078125,3661.46701171875,3681.5207812500003,1420447400,Hang Seng,3677.9457812500004
2019-12-31 00:00:00,3671.385859375,3678.799921875,3656.10171875,3664.6675,873713900,Hang Seng,3667.4508203125
2020-01-02 00:00:00,3672.41798828125,3710.6575390625003,3671.97619140625,3710.6575390625003,1262732800,Hang Seng,3691.316865234375
2020-01-03 00:00:00,3747.68671875,3754.8291015625,3695.66208984375,3698.695,1797904800,Hang Seng,3725.245595703125
2020-01-06 00:00:00,3682.445,3687.82298828125,3647.057578125,3669.4046289062503,1793426600,Hang Seng,3667.440283203125
2020-01-07 00:00:00,3685.848359375,3701.50041015625,3674.329140625,3681.86787109375,1302687200,Hang Seng,3687.914775390625
2020-01-08 00:00:00,3639.94541015625,3665.8192187500003,3621.5049609375,3651.42958984375,1709241600,Hang Seng,3643.6620898437504
2020-01-09 00:00:00,3687.79455078125,3712.9300000000003,3682.36171875,3712.9300000000003,1692786200,Hang Seng,3697.6458593750003
2020-01-10 00:00:00,3726.46828125,3726.46828125,3705.5550390625003,3722.9658984375,1448401000,Hang Seng,3716.0116601562504
2020-01-13 00:00:00,3740.4079882812503,3766.2820507812503,3727.3391796875003,3764.14212890625,1765055700,Hang Seng,3746.8106152343753
2020-01-14 00:00:00,3789.4388085937503,3789.4388085937503,3742.76373046875,3755.06828125,1643504700,Hang Seng,3766.10126953125
2020-01-15 00:00:00,3755.8391406250003,3766.448359375,3720.48294921875,3740.5666796875003,1240120700,Hang Seng,3743.465654296875
2020-01-16 00:00:00,3744.79548828125,3768.4049609375,3732.244140625,3754.795078125,1620926200,Hang Seng,3750.32455078125
2020-01-17 00:00:00,3768.4608203125003,3783.14955078125,3745.70701171875,3777.33458984375,1545082800,Hang Seng,3764.42828125
2020-01-20 00:00:00,3791.98548828125,3792.7395898437503,3743.4045898437503,3743.4683203125,1633383900,Hang Seng,3768.0720898437503
2020-01-21 00:00:00,3698.41951171875,3703.96380859375,3637.465,3638.09291015625,2236521700,Hang Seng,3670.714404296875
2020-01-22 00:00:00,3655.145,3691.210859375,3631.898359375,3684.335078125,1343288100,Hang Seng,3661.554609375
2020-01-23 00:00:00,3654.2675,3657.2938085937503,3601.8279882812503,3628.18548828125,1753263000,Hang Seng,3629.5608984375003
2020-01-24 00:00:00,3631.60458984375,3637.09201171875,3610.685,3633.45328125,612128700,Hang Seng,3623.888505859375
2020-01-29 00:00:00,3523.2000781250003,3553.3291015625,3523.2000781250003,3530.88201171875,2203836100,Hang Seng,3538.2645898437504
2020-01-30 00:00:00,3513.97921875,3527.4916015625,3422.9066015625003,3438.3870117187503,2223567800,Hang Seng,3475.1991015625
2020-01-31 00:00:00,3478.48921875,3486.4491796875,3418.41373046875,3420.64201171875,1874255200,Hang Seng,3452.431455078125
2020-02-03 00:00:00,3404.6492187500003,3446.63541015625,3398.9266796875,3426.4074609375,2421482700,Hang Seng,3422.781044921875
2020-02-04 00:00:00,3443.9158203125003,3474.93376953125,3443.9158203125003,3467.8774609375,2500238100,Hang Seng,3459.424794921875
2020-02-05 00:00:00,3493.011640625,3500.39548828125,3463.4495898437503,3482.2762304687503,2498930800,Hang Seng,3481.9225390625
2020-02-06 00:00:00,3532.6888085937503,3589.0686914062503,3513.83373046875,3574.1808984375,2249533900,Hang Seng,3551.4512109375
2020-02-07 00:00:00,3556.31630859375,3563.37541015625,3539.13548828125,3562.5550390625003,1464514700,Hang Seng,3551.25544921875
2020-02-10 00:00:00,3521.97955078125,3550.90328125,3515.83451171875,3541.3741796875,1612017900,Hang Seng,3533.368896484375
2020-02-11 00:00:00,3576.8525,3597.7253710937503,3566.80873046875,3585.90451171875,1868625400,Hang Seng,3582.26705078125
2020-02-12 00:00:00,3603.23869140625,3626.0224609375,3589.92791015625,3617.0758203125,1796561200,Hang Seng,3607.975185546875
2020-02-13 00:00:00,3633.97455078125,3633.97455078125,3600.42794921875,3604.9,1617010200,Hang Seng,3617.20125
2020-02-14 00:00:00,3600.8128710937503,3634.8858203125,3600.4266796875,3616.02794921875,1445335900,Hang Seng,3617.65625
2020-02-17 00:00:00,3609.672421875,3647.2254101562503,3609.672421875,3634.74794921875,1412999200,Hang Seng,3628.4489160156254
2020-02-18 00:00:00,3609.645,3610.2691015625,3574.5125000000003,3578.9258984375,1592221400,Hang Seng,3592.39080078125
2020-02-19 00:00:00,3573.239921875,3600.669921875,3568.31794921875,3595.25537109375,1471538100,Hang Seng,3584.493935546875
2020-02-20 00:00:00,3609.74630859375,3609.74630859375,3559.8070117187503,3589.1908203125,1582073100,Hang Seng,3584.7766601562503
2020-02-21 00:00:00,3568.5599218750003,3572.98880859375,3544.42130859375,3550.1453710937503,1773613400,Hang Seng,3558.70505859375
2020-02-24 00:00:00,3523.69544921875,3523.69544921875,3485.71869140625,3486.71451171875,2044657000,Hang Seng,3504.7070703125
2020-02-25 00:00:00,3473.91078125,3498.8266015625,3466.715078125,3496.1199609375003,1924042900,Hang Seng,3482.77083984375
2020-02-26 00:00:00,3470.5437304687503,3470.5437304687503,3470.5437304687503,3470.5437304687503,0,Hang Seng,3470.5437304687503
2020-02-27 00:00:00,3448.79208984375,3490.4441406250003,3434.59619140625,3481.2204882812503,2110369700,Hang Seng,3462.5201660156254
2020-02-28 00:00:00,3412.37787109375,3420.7616015625,3378.6233203125003,3396.890859375,3191426200,Hang Seng,3399.6924609375
2020-03-02 00:00:00,3390.1049609375,3428.8683203125,3390.1049609375,3417.918359375,2201535600,Hang Seng,3409.4866406250003
2020-03-03 00:00:00,3434.48701171875,3448.6075,3410.34078125,3417.0266406250003,2136295000,Hang Seng,3429.474140625
2020-03-04 00:00:00,3421.80287109375,3428.4224609375,3384.99078125,3408.869140625,1957062400,Hang Seng,3406.70662109375
2020-03-05 00:00:00,3425.2608203125,3484.7254101562503,3420.99671875,3479.82298828125,2522843200,Hang Seng,3452.8610644531254
2020-03-06 00:00:00,3431.71130859375,3433.1441015625,3390.9499609375002,3399.06708984375,2646519300,Hang Seng,3412.04703125
2020-03-09 00:00:00,3267.4225390625,3291.76630859375,3243.28951171875,3255.259921875,4677892400,Hang Seng,3267.52791015625
2020-03-10 00:00:00,3287.138359375,3325.21921875,3247.26619140625,3301.02626953125,3225661100,Hang Seng,3286.2427050781253
2020-03-11 00:00:00,3309.794921875,3314.1199609375003,3268.24951171875,3280.1092187500003,2627625600,Hang Seng,3291.184736328125
2020-03-12 00:00:00,3205.49708984375,3205.49708984375,3135.33212890625,3160.179140625,3748928400,Hang Seng,3170.414609375
2020-03-13 00:00:00,2927.511640625,3143.9824609375,2927.511640625,3124.2783203125,5495155700,Hang Seng,3035.74705078125
2020-03-16 00:00:00,3031.31537109375,3072.09880859375,2969.4925000000003,2998.264140625,4067029300,Hang Seng,3020.795654296875
2020-03-17 00:00:00,2990.2287695312502,3042.1558984375,2947.939921875,3024.2849609375003,3637973700,Hang Seng,2995.04791015625
2020-03-18 00:00:00,2993.0341796875,3045.25380859375,2881.76458984375,2897.936640625,4217153600,Hang Seng,2963.50919921875
2020-03-19 00:00:00,2888.77951171875,2909.4441796875003,2748.1037695312502,2822.18701171875,5628397600,Hang Seng,2828.7739746093753
2020-03-20 00:00:00,2879.1541796875,2964.659140625,2879.1541796875,2964.659140625,4528187900,Hang Seng,2921.90666015625
2020-03-23 00:00:00,2820.49701171875,2820.49701171875,2820.49701171875,2820.49701171875,0,Hang Seng,2820.49701171875
2020-03-24 00:00:00,2924.684140625,2957.89126953125,2909.8225,2946.2537304687503,3614066700,Hang Seng,2933.856884765625
2020-03-25 00:00:00,3023.2683203125002,3064.0283984375,2998.0899609375,3058.53462890625,3605374900,Hang Seng,3031.0591796875
2020-03-26 00:00:00,3068.62791015625,3068.62791015625,3011.27708984375,3035.8041796875,2519508100,Hang Seng,3039.9525000000003
2020-03-27 00:00:00,3089.8933203125002,3092.8558984375,3036.0212695312503,3052.9563085937502,2199674300,Hang Seng,3064.4385839843753
2020-03-30 00:00:00,2992.71044921875,3053.8962695312503,2986.53291015625,3012.76421875,2553435900,Hang Seng,3020.21458984375
2020-03-31 00:00:00,3069.7250390625,3071.57880859375,3020.9450781250002,3068.4524609375003,2876326600,Hang Seng,3046.2619433593754
2020-04-01 00:00:00,3037.56705078125,3060.20126953125,2983.19328125,3001.152578125,2879977600,Hang Seng,3021.697275390625
2020-04-02 00:00:00,2969.02708984375,3026.40787109375,2958.29701171875,3026.40787109375,2560937400,Hang Seng,2992.3524414062504
2020-04-03 00:00:00,2999.4833984375,3020.69421875,2993.9754101562503,3020.69421875,1870630600,Hang Seng,3007.334814453125
2020-04-06 00:00:00,3062.64791015625,3098.280859375,3025.29119140625,3087.38548828125,1834036600,Hang Seng,3061.786025390625
2020-04-07 00:00:00,3132.0966015625,3154.06126953125,3093.48380859375,3152.9275781250003,2535034600,Hang Seng,3123.7725390625
2020-04-08 00:00:00,3144.871640625,3144.871640625,3106.66205078125,3116.14798828125,1840854100,Hang Seng,3125.766845703125
2020-04-09 00:00:00,3143.5716406250003,3160.12962890625,3125.8733593750003,3159.04291015625,1725334600,Hang Seng,3143.0014941406253
2020-04-14 00:00:00,3165.1892187500002,3191.03078125,3156.80701171875,3176.60205078125,2050447800,Hang Seng,3173.918896484375
2020-04-15 00:00:00,3184.9817187500003,3198.46794921875,3131.7650000000003,3138.8941796875,1906625200,Hang Seng,3165.1164746093755
2020-04-16 00:00:00,3123.3083984375003,3133.3783203125,3101.122578125,3120.8383984375,1865473400,Hang Seng,3117.25044921875
2020-04-17 00:00:00,3179.5179101562503,3206.66328125,3160.14130859375,3169.4,1937579000,Hang Seng,3183.402294921875
2020-04-20 00:00:00,3185.46287109375,3185.46287109375,3149.3216015625003,3162.9025390625,1375091600,Hang Seng,3167.3922363281254
2020-04-21 00:00:00,3152.2191796875,3152.2191796875,3077.89701171875,3093.1616015625,2160661700,Hang Seng,3115.058095703125
2020-04-22 00:00:00,3060.270078125,3112.107578125,3052.8303710937503,3106.13671875,1668362400,Hang Seng,3082.4689746093754
2020-04-23 00:00:00,3117.87455078125,3134.02451171875,3094.8191015625002,3117.051640625,1814344800,Hang Seng,3114.421806640625
2020-04-24 00:00:00,3099.7916015625,3114.43208984375,3084.9637304687503,3098.07291015625,1301664900,Hang Seng,3099.69791015625
2020-04-27 00:00:00,3123.9858203125,3161.44537109375,3123.9700781250003,3156.4182812500003,1592713000,Hang Seng,3142.707724609375
2020-04-28 00:00:00,3172.14548828125,3195.7458203125,3142.99451171875,3194.874921875,1687557300,Hang Seng,3169.370166015625
2020-04-29 00:00:00,3222.1825390625,3231.2111914062502,3191.4504882812503,3203.6666796875,1648009000,Hang Seng,3211.3308398437503
2020-05-04 00:00:00,3106.36421875,3106.67880859375,3066.0433984375,3069.7941015625,2556774000,Hang Seng,3086.361103515625
2020-05-05 00:00:00,3088.2500390625,3110.6983984375,3080.72451171875,3102.9258203125,1332967300,Hang Seng,3095.7114550781253
2020-05-06 00:00:00,3137.8724609375,3137.8724609375,3137.8724609375,3137.8724609375,0,Hang Seng,3137.8724609375
2020-05-07 00:00:00,3135.7053710937503,3135.7053710937503,3108.755,3117.48201171875,1317060000,Hang Seng,3122.230185546875
2020-05-08 00:00:00,3145.13671875,3154.2849609375003,3132.62548828125,3149.92208984375,1274113200,Hang Seng,3143.4552246093754
2020-05-11 00:00:00,3181.1233593750003,3219.68791015625,3181.1233593750003,3198.2678710937503,1458200000,Hang Seng,3200.405634765625
2020-05-12 00:00:00,3166.54,3173.435078125,3137.7058984375003,3151.938359375,1479628600,Hang Seng,3155.57048828125
2020-05-13 00:00:00,3134.51708984375,3161.6258984375,3117.31798828125,3143.4391015625,1359038500,Hang Seng,3139.471943359375
2020-05-14 00:00:00,3124.949140625,3130.55462890625,3092.7350390625,3097.86623046875,1697720800,Hang Seng,3111.644833984375
2020-05-15 00:00:00,3098.508359375,3118.06548828125,3077.30921875,3093.6711914062503,1509478600,Hang Seng,3097.687353515625
2020-05-18 00:00:00,3085.76708984375,3113.7666015625,3083.8820898437502,3111.5200390625,1645114700,Hang Seng,3098.824345703125
2020-05-19 00:00:00,3183.6416015625,3191.8316015625,3160.8783984375,3170.45701171875,2022987500,Hang Seng,3176.355
2020-05-20 00:00:00,3180.1770507812503,3186.93298828125,3161.0475,3171.9933984375,1432021300,Hang Seng,3173.990244140625
2020-05-21 00:00:00,3188.7583203125,3188.7583203125,3147.0608203125003,3156.40380859375,1474345000,Hang Seng,3167.9095703125004
2020-05-22 00:00:00,3088.3983203125,3088.3983203125,2974.17376953125,2980.9182812500003,3680989100,Hang Seng,3031.286044921875
2020-05-25 00:00:00,2954.3408984375,2985.92455078125,2927.5649609375,2983.79123046875,1769029000,Hang Seng,2956.744755859375
2020-05-26 00:00:00,3015.7841796875,3052.5924609375,3011.51373046875,3040.0058203125,1421148200,Hang Seng,3032.053095703125
2020-05-27 00:00:00,3056.96828125,3056.96828125,3007.49921875,3029.17671875,1837146100,Hang Seng,3032.2337500000003
2020-05-28 00:00:00,3016.8775,3048.7313085937503,2961.35048828125,3007.25876953125,2356792600,Hang Seng,3005.0408984375
2020-05-29 00:00:00,2961.5442187500003,3001.6700390625,2961.5442187500003,2984.99119140625,3621412000,Hang Seng,2981.60712890625
2020-06-01 00:00:00,3060.1883203125003,3094.8216406250003,3060.1883203125003,3085.2275390625,2569148800,Hang Seng,3077.5049804687505
2020-06-02 00:00:00,3092.99123046875,3119.47212890625,3089.59955078125,3119.47212890625,1813293900,Hang Seng,3104.53583984375
2020-06-03 00:00:00,3159.46287109375,3167.32126953125,3148.594921875,3162.33048828125,2455118300,Hang Seng,3157.958095703125
2020-06-04 00:00:00,3203.6991796875,3203.6991796875,3146.53294921875,3167.6191015625,1888873500,Hang Seng,3175.116064453125
2020-06-05 00:00:00,3170.463359375,3225.32869140625,3152.96287109375,3220.1533203125,2397618300,Hang Seng,3189.1457812500003
2020-06-08 00:00:00,3252.3466015625,3252.44130859375,3208.2116015625,3220.9800390625,2123439500,Hang Seng,3230.326455078125
2020-06-09 00:00:00,3237.78126953125,3282.97708984375,3228.9049609375,3257.43869140625,2203396500,Hang Seng,3255.9410253906253
2020-06-10 00:00:00,3273.27380859375,3289.49130859375,3245.8791015625,3256.4649609375,1971349200,Hang Seng,3267.6852050781254
2020-06-11 00:00:00,3249.7191796875,3257.711640625,3182.41955078125,3182.41955078125,1838958200,Hang Seng,3220.065595703125
2020-06-12 00:00:00,3109.6908984375,3161.30369140625,3106.3538085937503,3159.1795117187503,1824519600,Hang Seng,3133.82875
2020-06-15 00:00:00,3118.87951171875,3151.5861914062502,3079.044921875,3091.0033984375,2104538300,Hang Seng,3115.315556640625
2020-06-16 00:00:00,3161.35955078125,3189.5200390625,3159.2925,3164.7316796875,1611589900,Hang Seng,3174.40626953125
2020-06-17 00:00:00,3167.24078125,3189.16126953125,3145.456640625,3182.5833203125003,1278279300,Hang Seng,3167.308955078125
2020-06-18 00:00:00,3170.22037109375,3180.44212890625,3135.84578125,3180.44212890625,1811327100,Hang Seng,3158.143955078125
2020-06-19 00:00:00,3168.53671875,3220.950078125,3163.46671875,3203.70578125,2390285700,Hang Seng,3192.2083984375
2020-06-22 00:00:00,3188.7088085937503,3201.7633984375,3170.85208984375,3186.4741796875,1612294200,Hang Seng,3186.307744140625
2020-06-23 00:00:00,3190.38712890625,3237.9541796875,3144.0345117187503,3237.9541796875,1549053700,Hang Seng,3190.994345703125
2020-06-24 00:00:00,3254.5329882812503,3259.271640625,3220.2233984375002,3221.60541015625,1431913700,Hang Seng,3239.74751953125
2020-06-26 00:00:00,3210.7374609375,3218.35541015625,3189.9100390625,3191.49873046875,1509260100,Hang Seng,3204.132724609375
2020-06-29 00:00:00,3201.59328125,3201.59328125,3139.32048828125,3159.1663085937503,1835855400,Hang Seng,3170.456884765625
2020-06-30 00:00:00,3180.87123046875,3197.81921875,3155.3300390625,3175.53462890625,1892323300,Hang Seng,3176.57462890625
2020-07-02 00:00:00,3193.264140625,3266.14462890625,3193.264140625,3266.14462890625,2746546400,Hang Seng,3229.704384765625
2020-07-03 00:00:00,3291.50630859375,3308.96541015625,3273.73794921875,3298.50548828125,2320568900,Hang Seng,3291.3516796875
2020-07-06 00:00:00,3320.920078125,3438.96921875,3320.60955078125,3424.0908203125,4883381900,Hang Seng,3379.789384765625
2020-07-07 00:00:00,3454.24041015625,3481.7404882812502,3368.5262304687503,3376.8358203125,3913840700,Hang Seng,3425.1333593750005
2020-07-08 00:00:00,3390.21921875,3418.9791796875,3360.47130859375,3396.793359375,2582679500,Hang Seng,3389.7252441406254
2020-07-09 00:00:00,3425.64701171875,3428.74212890625,3382.1775000000002,3407.3208203125,2452681700,Hang Seng,3405.459814453125
2020-07-10 00:00:00,3371.13130859375,3397.9283203125,3324.14671875,3344.5633203125003,2142150800,Hang Seng,3361.03751953125
2020-07-13 00:00:00,3360.3441015625003,3393.4991796875,3342.9812304687503,3350.37548828125,2127288800,Hang Seng,3368.240205078125
2020-07-14 00:00:00,3336.2108203125,3336.2108203125,3283.061640625,3312.1257812500003,2180279200,Hang Seng,3309.63623046875
2020-07-15 00:00:00,3365.5413085937503,3365.5413085937503,3288.91671875,3312.60541015625,1849317300,Hang Seng,3327.2290136718752
2020-07-16 00:00:00,3321.42205078125,3324.94373046875,3239.5933984375,3246.18962890625,1935051700,Hang Seng,3282.268564453125
2020-07-17 00:00:00,3268.46787109375,3284.3161914062503,3251.98630859375,3261.5920898437503,1362500400,Hang Seng,3268.15125
2020-07-20 00:00:00,3252.54794921875,3278.87421875,3219.60208984375,3257.53873046875,1650620500,Hang Seng,3249.238154296875
2020-07-21 00:00:00,3305.5178710937503,3332.6358203125,3299.18951171875,3332.6358203125,1752171900,Hang Seng,3315.9126660156253
2020-07-22 00:00:00,3324.7825000000003,3351.3558203125003,3257.53212890625,3257.53212890625,2390051200,Hang Seng,3304.443974609375
2020-07-23 00:00:00,3284.19,3284.19,3284.19,3284.19,0,Hang Seng,3284.19
2020-07-24 00:00:00,3255.29876953125,3263.14294921875,3197.799921875,3211.69291015625,3029706400,Hang Seng,3230.471435546875
2020-07-27 00:00:00,3238.294921875,3246.419921875,3188.4983203125003,3198.42376953125,1491211000,Hang Seng,3217.45912109375
2020-07-28 00:00:00,3242.55623046875,3242.55623046875,3203.50544921875,3220.4587695312503,1358418200,Hang Seng,3223.03083984375
2020-07-29 00:00:00,3212.36626953125,3237.70712890625,3207.29626953125,3234.80828125,1080335100,Hang Seng,3222.50169921875
2020-07-30 00:00:00,3247.30123046875,3275.65037109375,3200.0866015625,3212.3766796875,1779681900,Hang Seng,3237.868486328125
2020-07-31 00:00:00,3217.147578125,3242.05044921875,3189.522578125,3197.39544921875,1763233900,Hang Seng,3215.786513671875
2020-08-03 00:00:00,3193.6853710937503,3204.1463085937503,3152.6274609375,3179.55701171875,2012723100,Hang Seng,3178.386884765625
2020-08-04 00:00:00,3206.39794921875,3258.1133203125,3190.12712890625,3243.06201171875,1906615900,Hang Seng,3224.1202246093753
2020-08-05 00:00:00,3253.82078125,3271.73869140625,3232.877578125,3263.330078125,1477936300,Hang Seng,3252.3081347656253
2020-08-06 00:00:00,3276.18712890625,3276.18712890625,3203.3416796875,3240.9754101562503,1596206100,Hang Seng,3239.764404296875
2020-08-07 00:00:00,3238.21798828125,3238.21798828125,3141.812578125,3189.11048828125,1610164700,Hang Seng,3190.0152832031254
2020-08-10 00:00:00,3168.9866406250003,3189.68126953125,3155.4470898437503,3169.065859375,1256444100,Hang Seng,3172.5641796875
2020-08-11 00:00:00,3206.065078125,3254.104140625,3206.065078125,3235.7883593750003,1628363900,Hang Seng,3230.084609375
2020-08-12 00:00:00,3232.92201171875,3287.9341015625,3209.10712890625,3281.7225390625,1763950100,Hang Seng,3248.5206152343753
2020-08-13 00:00:00,3313.7025390625,3313.7025390625,3268.779921875,3279.9870898437503,1761196500,Hang Seng,3291.24123046875
2020-08-14 00:00:00,3259.4183984375,3299.2088085937503,3255.2716015625,3273.7912695312502,1429766800,Hang Seng,3277.240205078125
2020-08-17 00:00:00,3277.59630859375,3326.52708984375,3271.227578125,3295.1541796875,1955689100,Hang Seng,3298.877333984375
2020-08-18 00:00:00,3311.22619140625,3311.22619140625,3283.52451171875,3297.75951171875,1534776000,Hang Seng,3297.3753515625003
2020-08-19 00:00:00,3296.67380859375,3299.72626953125,3260.3025000000002,3273.2583203125,1132238600,Hang Seng,3280.0143847656254
2020-08-20 00:00:00,3257.19544921875,3257.19544921875,3200.771640625,3222.88078125,1995701500,Hang Seng,3228.9835449218754
2020-08-21 00:00:00,3250.9270117187502,3273.242578125,3235.16171875,3264.7991796875003,1210267900,Hang Seng,3254.2021484375
2020-08-24 00:00:00,3295.8625781250003,3321.7054101562503,3292.26955078125,3321.7054101562503,1352263800,Hang Seng,3306.98748046875
2020-08-25 00:00:00,3326.30873046875,3330.74041015625,3295.7937695312503,3313.20869140625,1350837400,Hang Seng,3313.26708984375
2020-08-26 00:00:00,3317.6533203125,3328.41208984375,3296.80380859375,3313.932578125,1319876200,Hang Seng,3312.60794921875
2020-08-27 00:00:00,3311.0700390625,3311.0700390625,3274.23458984375,3286.54955078125,1701268300,Hang Seng,3292.652314453125
2020-08-28 00:00:00,3293.0000390625,3347.42205078125,3283.5608203125003,3304.86787109375,2065272600,Hang Seng,3315.4914355468754
2020-08-31 00:00:00,3345.22373046875,3360.12421875,3273.0166015625,3273.0166015625,3195378200,Hang Seng,3316.57041015625
2020-09-01 00:00:00,3261.13708984375,3283.03828125,3249.4083984375,3274.03044921875,1729452000,Hang Seng,3266.22333984375
2020-09-02 00:00:00,3281.18171875,3281.18171875,3241.0520898437503,3265.6116796875003,2349955800,Hang Seng,3261.116904296875
2020-09-03 00:00:00,3253.50873046875,3278.0825390625,3231.09541015625,3250.98794921875,2007341100,Hang Seng,3254.5889746093753
2020-09-04 00:00:00,3206.9441015625002,3225.814921875,3183.5232812500003,3210.4083984375,3393745100,Hang Seng,3204.6691015625
